year,month,DevelopmentRegion,tot_mkt_trans,no_res_trans,n_res_acreage_trans,n_res_fam,n_res_1fam_dwelling,n_res_strata,n_res_other,n_comm_tran,n_comm_comm,n_comm_strata_nores,n_comm_other,n_recr_tran,n_farm_tran,n_unkn_tran,sum_FMV,mn_FMV,md_FMV,sum_PPT_paid,md_PPT,n_foreign_tran,sum_FMV_foreign,mn_FMV_foreign,md_FMV_foreign,add_tax_paid,RegionalDistrict,Municipality,n_res_1fam_suite,n_res_1fam_vacant_res,n_res_1fam_other,n_res_strata_row,n_res_strata_other,n_fth,n_nbh,sum_FMV_res,sum_FMV_foreign_res,md_FMV_foreign_res,mn_FMV_foreign_res,sum_invest_foreign_res,n_foreign_res,n_foreign_nonres,n_foreign_other
2016,1,Cariboo,209,193,37,1,113,14,27,10,10,0,0,0,6,0,46926122,224526.9,174000,642123.1,1740,NA,NA,NA,NA,NA,NA,NA,NA,NA,NA,NA,NA,NA,NA,NA,NA,NA,NA,NA,NA,NA,NA
2016,1,Kootenay,254,223,31,6,135,50,1,25,20,1,1,0,6,0,56094034,220842.7,195000,737476.7,1950,NA,NA,NA,NA,NA,NA,NA,NA,NA,NA,NA,NA,NA,NA,NA,NA,NA,NA,NA,NA,NA,NA
2016,1,Mainland/Southwest,6740,6462,106,65,2947,2687,618,229,61,152,13,0,32,17,5743177865,852103.5,532250,101714820.2,8645,NA,NA,NA,NA,NA,NA,NA,NA,NA,NA,NA,NA,NA,NA,NA,NA,NA,NA,NA,NA,NA,NA
2016,1,Nechako & North Coast,112,95,21,0,70,3,0,12,10,0,1,0,3,2,24335186,217278.4,145000,341294.5,1450,NA,NA,NA,NA,NA,NA,NA,NA,NA,NA,NA,NA,NA,NA,NA,NA,NA,NA,NA,NA,NA,NA
2016,1,Northeast,117,102,24,0,37,7,31,7,6,0,1,0,7,1,34796083,297402.4,218000,505612.4,2360,NA,NA,NA,NA,NA,NA,NA,NA,NA,NA,NA,NA,NA,NA,NA,NA,NA,NA,NA,NA,NA,NA
2016,1,Thompson/Okanagan,894,822,60,9,517,183,53,44,30,11,2,0,24,4,361146282,403966.8,324100,5583110.5,4482,NA,NA,NA,NA,NA,NA,NA,NA,NA,NA,NA,NA,NA,NA,NA,NA,NA,NA,NA,NA,NA,NA
2016,1,Unknown/Rural,174,153,28,0,74,19,32,17,6,10,1,0,2,2,71777307,412513.3,348250,1140101.2,4965,NA,NA,NA,NA,NA,NA,NA,NA,NA,NA,NA,NA,NA,NA,NA,NA,NA,NA,NA,NA,NA,NA
2016,1,Vancouver Island/Coast,1357,1296,62,20,807,324,83,49,27,19,3,0,6,6,582018657,428901,343992.2,9098605.6,4870,NA,NA,NA,NA,NA,NA,NA,NA,NA,NA,NA,NA,NA,NA,NA,NA,NA,NA,NA,NA,NA,NA
2016,2,Cariboo,226,188,47,1,122,15,3,18,14,2,0,0,17,3,49475754,218919.3,176250,650643.6,1735.25,NA,NA,NA,NA,NA,NA,NA,NA,NA,NA,NA,NA,NA,NA,NA,NA,NA,NA,NA,NA,NA,NA
2016,2,Kootenay,229,206,23,6,124,52,1,12,10,1,1,0,6,5,52848627,230780,197500,720090.2,1975,NA,NA,NA,NA,NA,NA,NA,NA,NA,NA,NA,NA,NA,NA,NA,NA,NA,NA,NA,NA,NA,NA
2016,2,Mainland/Southwest,6157,5811,103,58,2659,2502,482,282,71,189,17,0,44,20,5330438937,865752.6,525000,97874837.1,8220,NA,NA,NA,NA,NA,NA,NA,NA,NA,NA,NA,NA,NA,NA,NA,NA,NA,NA,NA,NA,NA,NA
2016,2,Nechako & North Coast,104,94,27,1,60,4,0,5,5,0,0,0,5,0,18918467,181908.3,155500,238903.7,1555,NA,NA,NA,NA,NA,NA,NA,NA,NA,NA,NA,NA,NA,NA,NA,NA,NA,NA,NA,NA,NA,NA
2016,2,Northeast,136,97,23,0,40,7,26,11,10,0,1,0,27,1,38435375,282613.1,200000,545827.8,1985,NA,NA,NA,NA,NA,NA,NA,NA,NA,NA,NA,NA,NA,NA,NA,NA,NA,NA,NA,NA,NA,NA
2016,2,Thompson/Okanagan,873,807,67,6,478,196,59,42,21,20,1,0,21,3,326234159,373693.2,320000,4864158.5,4300,NA,NA,NA,NA,NA,NA,NA,NA,NA,NA,NA,NA,NA,NA,NA,NA,NA,NA,NA,NA,NA,NA
2016,2,Unknown/Rural,209,199,61,0,86,18,34,6,0,5,1,1,3,0,87718156,419704.1,339900,1356637.8,4580,NA,NA,NA,NA,NA,NA,NA,NA,NA,NA,NA,NA,NA,NA,NA,NA,NA,NA,NA,NA,NA,NA
2016,2,Vancouver Island/Coast,1329,1272,62,12,773,358,67,41,18,22,0,0,11,5,549404991,413397.3,335000,8407252.8,4650,NA,NA,NA,NA,NA,NA,NA,NA,NA,NA,NA,NA,NA,NA,NA,NA,NA,NA,NA,NA,NA,NA
2016,3,Cariboo,332,304,78,4,199,18,4,17,16,1,0,0,8,3,73470948,221298,179500,975172.9,1785,NA,NA,NA,NA,NA,NA,NA,NA,NA,NA,NA,NA,NA,NA,NA,NA,NA,NA,NA,NA,NA,NA
2016,3,Kootenay,367,343,55,4,206,78,0,15,14,1,0,0,5,4,85969704,234249.9,196000,1164964,1960,NA,NA,NA,NA,NA,NA,NA,NA,NA,NA,NA,NA,NA,NA,NA,NA,NA,NA,NA,NA,NA,NA
2016,3,Mainland/Southwest,7871,7511,139,67,3446,3140,697,289,80,202,6,0,54,17,7344941205,933164.9,535000,146316687.3,8657.14,NA,NA,NA,NA,NA,NA,NA,NA,NA,NA,NA,NA,NA,NA,NA,NA,NA,NA,NA,NA,NA,NA
2016,3,Nechako & North Coast,139,120,37,1,76,6,0,15,13,1,0,0,2,2,33909741,243955,220000,467868.4,2400,NA,NA,NA,NA,NA,NA,NA,NA,NA,NA,NA,NA,NA,NA,NA,NA,NA,NA,NA,NA,NA,NA
2016,3,Northeast,159,127,29,0,61,9,25,11,10,0,1,0,14,7,38703707,243419.5,215000,533741.9,2300,NA,NA,NA,NA,NA,NA,NA,NA,NA,NA,NA,NA,NA,NA,NA,NA,NA,NA,NA,NA,NA,NA
2016,3,Thompson/Okanagan,1295,1171,69,5,722,314,61,73,35,32,5,1,43,7,518599294,400462.8,320000,8209272.4,4398,NA,NA,NA,NA,NA,NA,NA,NA,NA,NA,NA,NA,NA,NA,NA,NA,NA,NA,NA,NA,NA,NA
2016,3,Unknown/Rural,243,220,43,1,115,33,28,11,2,7,2,0,8,4,154685222,636564.7,365000,3052354.6,5200,NA,NA,NA,NA,NA,NA,NA,NA,NA,NA,NA,NA,NA,NA,NA,NA,NA,NA,NA,NA,NA,NA
2016,3,Vancouver Island/Coast,1745,1672,74,23,1038,451,84,60,33,20,6,0,7,6,739623645,423853.1,349900,11662609.7,4900,NA,NA,NA,NA,NA,NA,NA,NA,NA,NA,NA,NA,NA,NA,NA,NA,NA,NA,NA,NA,NA,NA
2016,4,Cariboo,399,373,98,2,249,19,5,13,13,0,0,1,9,3,94078131,235784.8,210000,1251462.9,2000,NA,NA,NA,NA,NA,NA,NA,NA,NA,NA,NA,NA,NA,NA,NA,NA,NA,NA,NA,NA,NA,NA
2016,4,Kootenay,411,384,52,6,255,68,3,14,13,0,1,1,7,5,120354558,292833.5,219900,1908709.1,2300,NA,NA,NA,NA,NA,NA,NA,NA,NA,NA,NA,NA,NA,NA,NA,NA,NA,NA,NA,NA,NA,NA
2016,4,Mainland/Southwest,8779,8393,154,58,3866,3384,850,281,87,166,27,0,76,29,7547440679,859715.3,550000,141006300.5,8571.24,NA,NA,NA,NA,NA,NA,NA,NA,NA,NA,NA,NA,NA,NA,NA,NA,NA,NA,NA,NA,NA,NA
2016,4,Nechako & North Coast,191,172,51,0,108,6,5,9,9,0,0,0,8,2,39133566,204887.8,183000,486821,1800,NA,NA,NA,NA,NA,NA,NA,NA,NA,NA,NA,NA,NA,NA,NA,NA,NA,NA,NA,NA,NA,NA
2016,4,Northeast,139,93,23,2,56,0,11,5,5,0,0,0,38,3,37599080,270497,273000,526456.2,3250,NA,NA,NA,NA,NA,NA,NA,NA,NA,NA,NA,NA,NA,NA,NA,NA,NA,NA,NA,NA,NA,NA
2016,4,Thompson/Okanagan,1716,1620,105,11,997,417,90,53,22,16,13,0,38,5,654991130,381696.5,330000,9519131.9,4300,NA,NA,NA,NA,NA,NA,NA,NA,NA,NA,NA,NA,NA,NA,NA,NA,NA,NA,NA,NA,NA,NA
2016,4,Unknown/Rural,286,263,57,0,139,40,27,13,1,10,2,1,6,3,124180179,434196.4,354900,1952524,5000,NA,NA,NA,NA,NA,NA,NA,NA,NA,NA,NA,NA,NA,NA,NA,NA,NA,NA,NA,NA,NA,NA
2016,4,Vancouver Island/Coast,2137,2049,90,25,1307,517,106,73,39,31,2,0,9,6,893162856,417951.7,345000,13106829.3,4589.52,NA,NA,NA,NA,NA,NA,NA,NA,NA,NA,NA,NA,NA,NA,NA,NA,NA,NA,NA,NA,NA,NA
2016,5,Cariboo,465,430,107,1,288,23,10,19,18,1,0,0,16,0,112888788,242771.6,214000,1472805.9,2000,NA,NA,NA,NA,NA,NA,NA,NA,NA,NA,NA,NA,NA,NA,NA,NA,NA,NA,NA,NA,NA,NA
2016,5,Kootenay,507,458,70,1,317,66,4,33,29,3,0,1,13,2,122066742,240762.8,215000,1612468.9,2200,NA,NA,NA,NA,NA,NA,NA,NA,NA,NA,NA,NA,NA,NA,NA,NA,NA,NA,NA,NA,NA,NA
2016,5,Mainland/Southwest,9691,9301,173,79,4433,3829,776,285,102,149,29,0,76,29,9006461839,929363.5,579900,173532048.3,9220,NA,NA,NA,NA,NA,NA,NA,NA,NA,NA,NA,NA,NA,NA,NA,NA,NA,NA,NA,NA,NA,NA
2016,5,Nechako & North Coast,226,205,40,3,152,8,2,13,13,0,0,0,8,0,49437653,218750.7,179500,656955.5,1787.5,NA,NA,NA,NA,NA,NA,NA,NA,NA,NA,NA,NA,NA,NA,NA,NA,NA,NA,NA,NA,NA,NA
2016,5,Northeast,155,112,28,0,58,8,18,6,5,1,0,0,32,5,44259932,285547.9,200000,712730.3,1590,NA,NA,NA,NA,NA,NA,NA,NA,NA,NA,NA,NA,NA,NA,NA,NA,NA,NA,NA,NA,NA,NA
2016,5,Thompson/Okanagan,2070,1958,180,7,1210,458,103,69,42,20,5,0,37,6,875852154,423117,356750,13336926,4800,NA,NA,NA,NA,NA,NA,NA,NA,NA,NA,NA,NA,NA,NA,NA,NA,NA,NA,NA,NA,NA,NA
2016,5,Unknown/Rural,377,362,53,0,216,41,52,9,3,6,0,0,2,4,173660146,460637,350000,2740344.6,4800,NA,NA,NA,NA,NA,NA,NA,NA,NA,NA,NA,NA,NA,NA,NA,NA,NA,NA,NA,NA,NA,NA
2016,5,Vancouver Island/Coast,2556,2462,124,24,1571,616,114,77,44,28,3,0,9,8,1143582555,447411,365000,17550590.4,4900,NA,NA,NA,NA,NA,NA,NA,NA,NA,NA,NA,NA,NA,NA,NA,NA,NA,NA,NA,NA,NA,NA
2016,6,Cariboo,638,567,137,9,363,27,13,23,20,NA,3,10,32,6,166352351,260740.4,242616.2,2216241.4,2743.08,NA,NA,NA,NA,NA,NA,NA,NA,NA,NA,NA,NA,NA,NA,NA,NA,NA,NA,NA,NA,NA,NA
2016,7,Cariboo,519,493,122,4,301,29,26,11,9,NA,2,12,3,NA,121895472,234866,215000,1604843.8,2200,NA,NA,NA,NA,NA,NA,NA,NA,NA,NA,NA,NA,NA,NA,NA,NA,NA,NA,NA,NA,NA,NA
2016,8,Cariboo,487,457,110,2,308,24,8,6,5,NA,1,9,13,2,115681216,237538.4,222000,1536477.1,2400,NA,NA,NA,NA,NA,NA,NA,NA,NA,NA,NA,NA,NA,NA,NA,NA,NA,NA,NA,NA,NA,NA
2016,9,Cariboo,463,442,83,4,274,34,32,10,7,NA,3,5,4,2,108025807,233317.1,205000,1399753.6,2000,NA,NA,NA,NA,NA,NA,NA,NA,NA,NA,NA,NA,NA,NA,NA,NA,NA,NA,NA,NA,NA,NA
2016,10,Cariboo,422,399,87,2,216,13,68,14,7,NA,7,3,2,4,100791349,238842.1,220000,1314604.2,2300,NA,NA,NA,NA,NA,NA,NA,NA,NA,NA,NA,NA,NA,NA,NA,NA,NA,NA,NA,NA,NA,NA
2016,6,Kootenay,631,599,91,5,404,73,10,20,17,NA,3,11,1,NA,164682615,260986.7,234900,2267957.4,2640,NA,NA,NA,NA,NA,NA,NA,NA,NA,NA,NA,NA,NA,NA,NA,NA,NA,NA,NA,NA,NA,NA
2016,7,Kootenay,483,457,68,2,315,48,12,7,6,NA,1,18,1,NA,119382905,247169.6,222572.6,1595906.9,2400,NA,NA,NA,NA,NA,NA,NA,NA,NA,NA,NA,NA,NA,NA,NA,NA,NA,NA,NA,NA,NA,NA
2016,8,Kootenay,442,413,53,6,282,55,11,20,17,NA,3,5,1,3,129575672,293157.6,248000,1847852.6,2800,NA,NA,NA,NA,NA,NA,NA,NA,NA,NA,NA,NA,NA,NA,NA,NA,NA,NA,NA,NA,NA,NA
2016,9,Kootenay,469,445,42,3,283,56,48,14,9,NA,5,9,NA,1,130343430,277917.8,245000,1802202.7,2880,NA,NA,NA,NA,NA,NA,NA,NA,NA,NA,NA,NA,NA,NA,NA,NA,NA,NA,NA,NA,NA,NA
2016,10,Kootenay,465,433,39,NA,252,34,102,10,8,NA,2,16,3,3,119288255,256533.9,235000,1510732.4,2400,NA,NA,NA,NA,NA,NA,NA,NA,NA,NA,NA,NA,NA,NA,NA,NA,NA,NA,NA,NA,NA,NA
2016,6,Mainland/Southwest,11417,11115,194,79,5073,4351,1248,219,90,85,44,52,20,11,11234099934,983980,600000,221545982.3,9780,1042,1140953059,1094964.5,686500,NA,NA,NA,NA,NA,NA,NA,NA,NA,NA,NA,NA,NA,NA,NA,NA,NA,NA
2016,7,Mainland/Southwest,10973,10720,154,83,4756,4251,1332,190,59,95,36,33,11,19,10164033249,926276.6,606000,193406259.1,9800,1429,1807729160,1265030.9,780000,NA,NA,NA,NA,NA,NA,NA,NA,NA,NA,NA,NA,NA,NA,NA,NA,NA,NA
2016,8,Mainland/Southwest,8838,8638,136,62,3667,3604,1006,151,44,74,33,16,22,11,7815625116,884320.6,589900,149148810.9,9580,101,122622177,1214081,619000,2342545,NA,NA,NA,NA,NA,NA,NA,NA,NA,NA,NA,NA,NA,NA,NA,NA,NA
2016,9,Mainland/Southwest,7363,7069,129,52,2481,2956,1304,233,118,61,54,31,22,8,6779198970,920711.5,544164.3,140325324.4,8500,200,396796038,1983980.2,849500,8906680,NA,NA,NA,NA,NA,NA,NA,NA,NA,NA,NA,NA,NA,NA,NA,NA,NA
2016,10,Mainland/Southwest,6116,5844,71,37,1505,1961,2169,174,28,41,105,27,26,45,4596531257,751558.4,488450,94928051.3,7300,179,144345954,806402,542000,13326867,NA,NA,NA,NA,NA,NA,NA,NA,NA,NA,NA,NA,NA,NA,NA,NA,NA
2016,6,Nechako & North Coast,272,250,69,4,158,7,5,14,13,NA,1,5,2,1,55327829,203411.1,185236.1,715296.4,1807.5,NA,NA,NA,NA,NA,NA,NA,NA,NA,NA,NA,NA,NA,NA,NA,NA,NA,NA,NA,NA,NA,NA
2016,7,Nechako & North Coast,225,210,47,NA,146,5,4,6,6,NA,NA,3,5,1,44445392,197535.1,180000,567938.4,1800,NA,NA,NA,NA,NA,NA,NA,NA,NA,NA,NA,NA,NA,NA,NA,NA,NA,NA,NA,NA,NA,NA
2016,8,Nechako & North Coast,196,184,42,NA,127,2,2,8,8,NA,NA,1,NA,3,47202161,240827.4,210500,643666.6,2205,NA,NA,NA,NA,NA,NA,NA,NA,NA,NA,NA,NA,NA,NA,NA,NA,NA,NA,NA,NA,NA,NA
2016,9,Nechako & North Coast,198,175,37,2,110,5,14,5,4,NA,1,1,4,13,37039978,187070.6,181000,464218.3,1810,NA,NA,NA,NA,NA,NA,NA,NA,NA,NA,NA,NA,NA,NA,NA,NA,NA,NA,NA,NA,NA,NA
2016,10,Nechako & North Coast,133,123,17,NA,78,4,20,7,4,NA,3,2,1,NA,28451151,213918.4,192500,370948,1925,NA,NA,NA,NA,NA,NA,NA,NA,NA,NA,NA,NA,NA,NA,NA,NA,NA,NA,NA,NA,NA,NA
2016,6,Northeast,142,114,12,NA,72,8,16,8,4,NA,4,1,15,4,41803963,294394.1,259900,553496.2,2905.25,NA,NA,NA,NA,NA,NA,NA,NA,NA,NA,NA,NA,NA,NA,NA,NA,NA,NA,NA,NA,NA,NA
2016,7,Northeast,113,91,17,NA,66,2,1,4,3,NA,1,1,16,1,28888393,255649.5,250000,384579.9,2720,NA,NA,NA,NA,NA,NA,NA,NA,NA,NA,NA,NA,NA,NA,NA,NA,NA,NA,NA,NA,NA,NA
2016,8,Northeast,116,93,12,NA,71,4,4,14,10,NA,4,1,7,1,59623740,513997.8,280000,1080066.5,2850,NA,NA,NA,NA,NA,NA,NA,NA,NA,NA,NA,NA,NA,NA,NA,NA,NA,NA,NA,NA,NA,NA
2016,9,Northeast,127,107,14,NA,68,5,13,5,4,NA,1,1,14,NA,36695943,288944.4,255000,508592.1,2350,NA,NA,NA,NA,NA,NA,NA,NA,NA,NA,NA,NA,NA,NA,NA,NA,NA,NA,NA,NA,NA,NA
2016,10,Northeast,120,96,14,NA,64,1,13,10,7,NA,3,1,11,2,67316902,560974.2,255000,1458218.7,3000,NA,NA,NA,NA,NA,NA,NA,NA,NA,NA,NA,NA,NA,NA,NA,NA,NA,NA,NA,NA,NA,NA
2016,6,Thompson/Okanagan,2740,2617,179,14,1650,538,110,60,46,3,11,22,30,11,1173638004,428335,360000,18074751.4,4998,143,63698096,445441.2,365000,NA,NA,NA,NA,NA,NA,NA,NA,NA,NA,NA,NA,NA,NA,NA,NA,NA,NA
2016,7,Thompson/Okanagan,2399,2329,146,9,1493,502,136,27,21,3,3,25,11,7,1031991371,430175.6,365000,15699044.4,5020,54,26726227,494930.1,405950,NA,NA,NA,NA,NA,NA,NA,NA,NA,NA,NA,NA,NA,NA,NA,NA,NA,NA
2016,8,Thompson/Okanagan,2535,2442,125,6,1518,568,161,43,22,8,13,25,20,5,1080646352,426290.5,369000,16408475.2,5100,41,18066315,440641.8,392000,NA,NA,NA,NA,NA,NA,NA,NA,NA,NA,NA,NA,NA,NA,NA,NA,NA,NA
2016,9,Thompson/Okanagan,2367,2256,145,12,1226,513,311,65,40,16,9,28,13,5,1026583516,433706.6,354900,15930166.1,4840,32,11891183,371599.5,325000,NA,NA,NA,NA,NA,NA,NA,NA,NA,NA,NA,NA,NA,NA,NA,NA,NA,NA
2016,10,Thompson/Okanagan,1833,1750,86,11,873,315,421,46,26,2,18,19,14,4,802769218,437953.7,360000,12461600.4,4910,42,38494924,916545.8,565500,NA,NA,NA,NA,NA,NA,NA,NA,NA,NA,NA,NA,NA,NA,NA,NA,NA,NA
2016,6,Unknown/Rural,247,217,54,NA,105,4,48,10,2,3,5,13,4,3,102068574,413233.1,350000,1539986.3,4756,NA,NA,NA,NA,NA,NA,NA,NA,NA,NA,NA,NA,NA,NA,NA,NA,NA,NA,NA,NA,NA,NA
2016,7,Unknown/Rural,243,220,45,NA,113,4,52,3,1,NA,2,6,1,13,105958278,436042.3,360000,1636894.7,5160,NA,NA,NA,NA,NA,NA,NA,NA,NA,NA,NA,NA,NA,NA,NA,NA,NA,NA,NA,NA,NA,NA
2016,8,Unknown/Rural,615,569,98,NA,351,87,18,10,5,4,1,22,11,3,270362330,439613.5,340000,4395159.5,4580,NA,NA,NA,NA,NA,NA,NA,NA,NA,NA,NA,NA,NA,NA,NA,NA,NA,NA,NA,NA,NA,NA
2016,9,Unknown/Rural,559,488,116,NA,255,34,66,7,2,3,2,33,22,9,208378138,372769.5,280000,3246321.8,3500,NA,NA,NA,NA,NA,NA,NA,NA,NA,NA,NA,NA,NA,NA,NA,NA,NA,NA,NA,NA,NA,NA
2016,10,Unknown/Rural,419,372,90,NA,171,15,89,7,3,1,3,26,6,8,139880768,333844.3,256300,2103858.5,3000,NA,NA,NA,NA,NA,NA,NA,NA,NA,NA,NA,NA,NA,NA,NA,NA,NA,NA,NA,NA,NA,NA
2016,6,Vancouver Island/Coast,3647,3528,154,25,2179,788,176,75,30,26,19,28,3,13,1691869887,463907.3,374900,26689237.9,5100,178,86575033,486376.6,367500,NA,NA,NA,NA,NA,NA,NA,NA,NA,NA,NA,NA,NA,NA,NA,NA,NA,NA
2016,7,Vancouver Island/Coast,2996,2926,123,22,1897,637,213,37,18,8,11,24,2,7,1429359967,477089.4,380000,22514709.3,5320,91,57584121,632792.5,540000,NA,NA,NA,NA,NA,NA,NA,NA,NA,NA,NA,NA,NA,NA,NA,NA,NA,NA
2016,8,Vancouver Island/Coast,3075,3011,146,27,1910,694,185,49,28,13,8,8,2,5,1490214469,484622.6,390000,23552108.3,5440,83,62448674,752393.7,663000,NA,NA,NA,NA,NA,NA,NA,NA,NA,NA,NA,NA,NA,NA,NA,NA,NA,NA
2016,9,Vancouver Island/Coast,2612,2523,115,34,1371,523,437,66,33,17,16,11,5,7,1260060971,482412.3,370000,20263066.3,5080,76,50833168,668857.5,521700,NA,NA,NA,NA,NA,NA,NA,NA,NA,NA,NA,NA,NA,NA,NA,NA,NA,NA
2016,10,Vancouver Island/Coast,2180,2111,91,13,956,328,697,45,24,2,19,14,1,9,1045263786,479478.8,385000,16025367.4,5166.19,97,95741409,987024.8,726666.7,NA,NA,NA,NA,NA,NA,NA,NA,NA,NA,NA,NA,NA,NA,NA,NA,NA,NA
2016,6,Rest of province,NA,NA,NA,NA,NA,NA,NA,NA,NA,NA,NA,NA,NA,NA,NA,NA,NA,NA,NA,131,43505748,332104.9,250000,NA,NA,NA,NA,NA,NA,NA,NA,NA,NA,NA,NA,NA,NA,NA,NA,NA,NA
2016,7,Rest of province,NA,NA,NA,NA,NA,NA,NA,NA,NA,NA,NA,NA,NA,NA,NA,NA,NA,NA,NA,46,18230607,396317.5,265422.5,NA,NA,NA,NA,NA,NA,NA,NA,NA,NA,NA,NA,NA,NA,NA,NA,NA,NA
2016,8,Rest of province,NA,NA,NA,NA,NA,NA,NA,NA,NA,NA,NA,NA,NA,NA,NA,NA,NA,NA,NA,29,31013584,1069433.9,375000,NA,NA,NA,NA,NA,NA,NA,NA,NA,NA,NA,NA,NA,NA,NA,NA,NA,NA
2016,9,Rest of province,NA,NA,NA,NA,NA,NA,NA,NA,NA,NA,NA,NA,NA,NA,NA,NA,NA,NA,NA,66,21606082,327364.9,145000,NA,NA,NA,NA,NA,NA,NA,NA,NA,NA,NA,NA,NA,NA,NA,NA,NA,NA
2016,10,Rest of province,NA,NA,NA,NA,NA,NA,NA,NA,NA,NA,NA,NA,NA,NA,NA,NA,NA,NA,NA,60,13490815,224846.9,62000,NA,NA,NA,NA,NA,NA,NA,NA,NA,NA,NA,NA,NA,NA,NA,NA,NA,NA
2016,11,Cariboo,313,285,58,4,182,12,14,13,7,NA,6,5,8,2,68726577,219573.7,195000,841525.3,1800,NA,NA,NA,NA,NA,NA,NA,NA,NA,NA,NA,NA,NA,NA,NA,NA,NA,NA,NA,NA,NA,NA
2016,11,Kootenay,422,380,46,6,235,68,11,23,20,NA,3,10,6,3,125910049,298365,217500,2056693.4,2300,NA,NA,NA,NA,NA,NA,NA,NA,NA,NA,NA,NA,NA,NA,NA,NA,NA,NA,NA,NA,NA,NA
2016,11,Mainland/Southwest,6314,6154,94,44,1846,2579,1475,126,42,56,28,23,4,7,5197765069,823212.7,519000,119717277.7,7840,256,247883981,968296.8,540800,24064623,NA,NA,NA,NA,NA,NA,NA,NA,NA,NA,NA,NA,NA,NA,NA,NA,NA
2016,11,Nechako & North Coast,154,147,32,NA,102,7,4,3,2,NA,1,1,2,1,28094129,182429.4,143000,351192.9,1430,NA,NA,NA,NA,NA,NA,NA,NA,NA,NA,NA,NA,NA,NA,NA,NA,NA,NA,NA,NA,NA,NA
2016,11,Northeast,134,108,15,NA,76,9,7,10,9,NA,1,NA,16,NA,43615141,325486.1,239950,680108.8,2549,NA,NA,NA,NA,NA,NA,NA,NA,NA,NA,NA,NA,NA,NA,NA,NA,NA,NA,NA,NA,NA,NA
2016,11,Thompson/Okanagan,1757,1640,125,9,900,396,160,53,26,16,11,33,26,5,742250326,422453.2,340236,11296133.5,4500,31,12407723,400249.1,340000,NA,NA,NA,NA,NA,NA,NA,NA,NA,NA,NA,NA,NA,NA,NA,NA,NA,NA
2016,11,Unknown/Rural,413,324,76,NA,177,25,31,34,5,24,5,25,10,20,138748331,335952.4,265000,2168385.7,3100,NA,NA,NA,NA,NA,NA,NA,NA,NA,NA,NA,NA,NA,NA,NA,NA,NA,NA,NA,NA,NA,NA
2016,11,Vancouver Island/Coast,1971,1904,109,27,1128,441,149,51,24,13,14,8,2,6,960577365,487355.3,386000,15123013.7,5198.01,65,47370641,728779.1,679000,NA,NA,NA,NA,NA,NA,NA,NA,NA,NA,NA,NA,NA,NA,NA,NA,NA,NA
2016,11,Rest of province,NA,NA,NA,NA,NA,NA,NA,NA,NA,NA,NA,NA,NA,NA,NA,NA,NA,NA,NA,42,10844939,258212.8,162500,NA,NA,NA,NA,NA,NA,NA,NA,NA,NA,NA,NA,NA,NA,NA,NA,NA,NA
2016,12,Cariboo,253,238,61,1,149,17,6,12,9,NA,3,1,2,NA,58243581,230211.8,197000,725669.7,1810,NA,NA,NA,NA,NA,NA,NA,NA,NA,NA,NA,NA,NA,NA,NA,NA,NA,NA,NA,NA,NA,NA
2016,12,Kootenay,312,292,39,4,193,39,6,10,7,NA,3,7,2,1,79500807,254810.3,221250,1114369.3,2359,NA,NA,NA,NA,NA,NA,NA,NA,NA,NA,NA,NA,NA,NA,NA,NA,NA,NA,NA,NA,NA,NA
2016,12,Mainland/Southwest,5257,5057,65,44,1450,2284,1047,156,68,68,20,17,13,14,4549488103,865415.3,469900,104114804.8,6600,223,220129256,987126.7,536842,15642591,NA,NA,NA,NA,NA,NA,NA,NA,NA,NA,NA,NA,NA,NA,NA,NA,NA
2016,12,Nechako & North Coast,115,95,15,1,63,9,1,7,7,NA,NA,3,4,6,19007835,165285.5,140000,220088.9,1350,NA,NA,NA,NA,NA,NA,NA,NA,NA,NA,NA,NA,NA,NA,NA,NA,NA,NA,NA,NA,NA,NA
2016,12,Northeast,118,67,16,NA,46,3,NA,19,19,NA,NA,NA,32,NA,28966799,245481.3,181250,394776.4,1692.5,NA,NA,NA,NA,NA,NA,NA,NA,NA,NA,NA,NA,NA,NA,NA,NA,NA,NA,NA,NA,NA,NA
2016,12,Thompson/Okanagan,1312,1244,84,5,725,338,43,39,22,4,13,15,10,4,572761257,436555.8,345900,8808808.8,4337.76,38,16388200,431268.4,369900,NA,NA,NA,NA,NA,NA,NA,NA,NA,NA,NA,NA,NA,NA,NA,NA,NA,NA
2016,12,Unknown/Rural,344,292,69,NA,162,13,35,15,5,NA,10,20,14,3,108172895,314456.1,244154.5,1648923.7,2687.5,NA,NA,NA,NA,NA,NA,NA,NA,NA,NA,NA,NA,NA,NA,NA,NA,NA,NA,NA,NA,NA,NA
2016,12,Vancouver Island/Coast,1625,1532,75,12,855,415,123,75,30,27,18,9,3,6,797723839,490907,365000,13132822.3,4800,66,38509431,583476.2,506000,NA,NA,NA,NA,NA,NA,NA,NA,NA,NA,NA,NA,NA,NA,NA,NA,NA,NA
2016,12,Rest of province,NA,NA,NA,NA,NA,NA,NA,NA,NA,NA,NA,NA,NA,NA,NA,NA,NA,NA,NA,59,16010246,271360.1,135000,NA,NA,NA,NA,NA,NA,NA,NA,NA,NA,NA,NA,NA,NA,NA,NA,NA,NA
2017,1,Cariboo,232,199,51,4,106,3,30,11,10,0,1,5,13,4,53379653.15,230084.7119,193800,714748.71,1913,NA,NA,NA,NA,NA,NA,NA,NA,NA,NA,NA,NA,NA,NA,NA,NA,NA,NA,NA,NA,NA,NA
2017,1,Kootenay,297,259,33,3,150,32,33,11,6,0,5,16,11,0,75842546.99,255362.1111,202500,1059810.82,2000,NA,NA,NA,NA,NA,NA,NA,NA,NA,NA,NA,NA,NA,NA,NA,NA,NA,NA,NA,NA,NA,NA
2017,1,Mainland/Southwest,4528,4312,69,41,1184,1906,1024,150,64,51,35,53,5,8,3993991193,882065.1928,530000,94495275.63,8220,211,173677614,823116.6538,538000,17764387.97,NA,NA,NA,NA,NA,NA,NA,NA,NA,NA,NA,NA,NA,NA,NA,NA,NA
2017,1,Nechako & North Coast,92,79,13,0,50,2,9,9,6,0,3,2,0,2,15824675.51,172007.3425,130000.5,198160.57,1275,NA,NA,NA,NA,NA,NA,NA,NA,NA,NA,NA,NA,NA,NA,NA,NA,NA,NA,NA,NA,NA,NA
2017,1,Northeast,78,65,10,0,22,4,29,3,2,0,1,1,8,1,21726660.2,278546.9256,276500,268743.21,3242,NA,NA,NA,NA,NA,NA,NA,NA,NA,NA,NA,NA,NA,NA,NA,NA,NA,NA,NA,NA,NA,NA
2017,1,Rest of province,NA,NA,NA,NA,NA,NA,NA,NA,NA,NA,NA,NA,NA,NA,NA,NA,NA,NA,NA,36,8326685.1,231296.8083,153500,NA,NA,NA,NA,NA,NA,NA,NA,NA,NA,NA,NA,NA,NA,NA,NA,NA,NA
2017,1,Thompson/Okanagan,1073,1001,52,7,505,200,208,46,24,4,18,12,11,3,483025188.4,450163.2697,347500,7683265.46,4550,17,8950177,526481,395000,NA,NA,NA,NA,NA,NA,NA,NA,NA,NA,NA,NA,NA,NA,NA,NA,NA,NA
2017,1,Unknown,72,69,0,0,2,4,62,1,0,0,1,1,1,0,32895744,456885.3333,332250,529293.44,4645,NA,NA,NA,NA,NA,NA,NA,NA,NA,NA,NA,NA,NA,NA,NA,NA,NA,NA,NA,NA,NA,NA
2017,1,Vancouver Island/Coast,1454,1394,79,10,689,255,336,44,16,12,16,11,4,1,674713138.1,464039.2972,365047.17,10398037.08,4800,71,47411857.38,667772.6392,615000,NA,NA,NA,NA,NA,NA,NA,NA,NA,NA,NA,NA,NA,NA,NA,NA,NA,NA
2017,2,Cariboo,240,225,46,4,153,13,3,5,3,1,1,5,4,1,58492634.04,243719.3085,214750,759609.53,1957,NA,NA,NA,NA,NA,NA,NA,NA,NA,NA,NA,NA,NA,NA,NA,NA,NA,NA,NA,NA,NA,NA
2017,2,Kootenay,291,247,40,3,154,37,8,22,21,0,1,16,5,1,70718476.25,243018.8187,168000,1048415.54,1500,NA,NA,NA,NA,NA,NA,NA,NA,NA,NA,NA,NA,NA,NA,NA,NA,NA,NA,NA,NA,NA,NA
2017,2,Mainland/Southwest,4561,4368,60,52,1349,2042,789,158,50,90,18,26,6,3,4916162155,1077869.361,510000,114226294.8,7700,161,139365960.5,865627.084,665000,10274145.41,NA,NA,NA,NA,NA,NA,NA,NA,NA,NA,NA,NA,NA,NA,NA,NA,NA
2017,2,Nechako & North Coast,108,91,16,0,63,4,2,8,5,0,3,3,6,0,21271350.58,196956.9498,160000,277615.72,1600,NA,NA,NA,NA,NA,NA,NA,NA,NA,NA,NA,NA,NA,NA,NA,NA,NA,NA,NA,NA,NA,NA
2017,2,Northeast,148,108,18,0,57,5,24,3,3,0,0,1,32,4,37970627.48,256558.2938,243490.56,530572.92,2809.81,NA,NA,NA,NA,NA,NA,NA,NA,NA,NA,NA,NA,NA,NA,NA,NA,NA,NA,NA,NA,NA,NA
2017,2,Rest of province,NA,NA,NA,NA,NA,NA,NA,NA,NA,NA,NA,NA,NA,NA,NA,NA,NA,NA,NA,49,12166445.78,248294.8118,135000,NA,NA,NA,NA,NA,NA,NA,NA,NA,NA,NA,NA,NA,NA,NA,NA,NA,NA
2017,2,Thompson/Okanagan,954,893,59,2,496,239,66,36,24,6,6,8,16,1,410783374.3,430590.5391,340000,6230406.2,4300,17,6908351,406373.5882,359000,NA,NA,NA,NA,NA,NA,NA,NA,NA,NA,NA,NA,NA,NA,NA,NA,NA,NA
2017,2,Unknown,42,37,0,0,5,5,25,1,0,0,1,1,0,3,31157372.82,741842.21,408151,552738.12,6163.02,NA,NA,NA,NA,NA,NA,NA,NA,NA,NA,NA,NA,NA,NA,NA,NA,NA,NA,NA,NA,NA,NA
2017,2,Vancouver Island/Coast,1451,1382,109,13,811,314,99,37,25,4,8,21,4,7,676596963.2,466297.0111,362500,10616583.76,4700,62,34369800.74,554351.6248,446428.44,NA,NA,NA,NA,NA,NA,NA,NA,NA,NA,NA,NA,NA,NA,NA,NA,NA,NA
2017,3,Cariboo,342,318,56,10,203,30,7,19,13,0,6,5,0,0,85000934.13,248540.7431,223000,1055802.54,2135,NA,NA,NA,NA,NA,NA,NA,NA,NA,NA,NA,NA,NA,NA,NA,NA,NA,NA,NA,NA,NA,NA
2017,3,Kootenay,462,421,40,4,284,79,5,20,18,0,2,16,3,2,102119121,221037.0585,190000,1392650.76,1889.5,NA,NA,NA,NA,NA,NA,NA,NA,NA,NA,NA,NA,NA,NA,NA,NA,NA,NA,NA,NA,NA,NA
2017,3,Mainland/Southwest,6007,5821,79,56,1823,2723,1026,131,41,61,29,28,20,7,5150216589,857369.1675,525000,109482659.9,7940,184,359066452.9,1951448.113,659000,12743545.59,NA,NA,NA,NA,NA,NA,NA,NA,NA,NA,NA,NA,NA,NA,NA,NA,NA
2017,3,Nechako & North Coast,161,148,34,0,105,3,0,6,6,0,0,3,1,3,32323160.52,200764.9722,180000,416340.23,1799.5,NA,NA,NA,NA,NA,NA,NA,NA,NA,NA,NA,NA,NA,NA,NA,NA,NA,NA,NA,NA,NA,NA
2017,3,Northeast,133,114,25,1,74,4,4,3,2,0,1,2,12,2,36826330.1,276889.7,250000,472817.17,2166.67,NA,NA,NA,NA,NA,NA,NA,NA,NA,NA,NA,NA,NA,NA,NA,NA,NA,NA,NA,NA,NA,NA
2017,3,Rest of province,NA,NA,NA,NA,NA,NA,NA,NA,NA,NA,NA,NA,NA,NA,NA,NA,NA,NA,NA,29,5460908.85,188307.2017,140000,NA,NA,NA,NA,NA,NA,NA,NA,NA,NA,NA,NA,NA,NA,NA,NA,NA,NA
2017,3,Thompson/Okanagan,1548,1409,110,16,811,344,72,63,38,14,11,17,42,17,659446444.1,425998.9949,350000,10131109.89,4560,50,17566499.34,351329.9868,289685,NA,NA,NA,NA,NA,NA,NA,NA,NA,NA,NA,NA,NA,NA,NA,NA,NA,NA
2017,3,Unknown,45,40,0,0,2,6,22,1,0,0,1,1,2,1,21183883.33,470752.9629,291500,353954.33,3830,NA,NA,NA,NA,NA,NA,NA,NA,NA,NA,NA,NA,NA,NA,NA,NA,NA,NA,NA,NA,NA,NA
2017,3,Vancouver Island/Coast,2111,2006,135,22,1144,475,191,63,35,13,15,35,4,3,991383885.3,469627.6103,370000,15476496.3,4910,78,40715855.84,521998.1518,438164.625,NA,NA,NA,NA,NA,NA,NA,NA,NA,NA,NA,NA,NA,NA,NA,NA,NA,NA
2017,4,Cariboo,354,315,74,2,213,16,5,13,10,0,3,5,21,0,79750934.77,225285.1265,200000,996175.06,1806.67,NA,NA,NA,NA,NA,NA,NA,NA,NA,NA,NA,NA,NA,NA,NA,NA,NA,NA,NA,NA,NA,NA
2017,4,Kootenay,405,381,45,2,226,89,6,9,7,0,2,9,4,2,99696589.34,246164.4181,224500,1350632.6,2490,NA,NA,NA,NA,NA,NA,NA,NA,NA,NA,NA,NA,NA,NA,NA,NA,NA,NA,NA,NA,NA,NA
2017,4,Mainland/Southwest,5326,5146,67,28,1797,2488,617,126,44,66,16,35,12,7,4792370728,899806.7457,567750,102219001.4,9000,159,213089241.6,1340183.909,649900,10319700.54,NA,NA,NA,NA,NA,NA,NA,NA,NA,NA,NA,NA,NA,NA,NA,NA,NA
2017,4,Nechako & North Coast,150,133,29,2,90,6,3,12,11,0,1,3,2,0,34838461.86,232256.4124,200000,496641.14,2010,NA,NA,NA,NA,NA,NA,NA,NA,NA,NA,NA,NA,NA,NA,NA,NA,NA,NA,NA,NA,NA,NA
2017,4,Northeast,149,112,24,1,66,12,5,7,5,0,2,0,10,20,45097857.08,302670.1817,247125,702284.03,2780,NA,NA,NA,NA,NA,NA,NA,NA,NA,NA,NA,NA,NA,NA,NA,NA,NA,NA,NA,NA,NA,NA
2017,4,Rest of province,NA,NA,NA,NA,NA,NA,NA,NA,NA,NA,NA,NA,NA,NA,NA,NA,NA,NA,NA,20,4421270,221063.5,139500,NA,NA,NA,NA,NA,NA,NA,NA,NA,NA,NA,NA,NA,NA,NA,NA,NA,NA
2017,4,Thompson/Okanagan,1428,1354,90,8,809,344,75,23,16,3,4,28,20,3,642903723,450212.6912,362000,9997386.76,4798,15,26244035,1749602.333,334000,NA,NA,NA,NA,NA,NA,NA,NA,NA,NA,NA,NA,NA,NA,NA,NA,NA,NA
2017,4,Unknown,61,58,0,0,5,7,40,1,0,0,1,2,0,0,36561933.42,599375.9577,394500,698809,5890,NA,NA,NA,NA,NA,NA,NA,NA,NA,NA,NA,NA,NA,NA,NA,NA,NA,NA,NA,NA,NA,NA
2017,4,Vancouver Island/Coast,1900,1832,117,22,1012,426,196,32,12,12,8,27,5,4,916448533.9,482341.3336,380000,14533565.53,5104.91,65,27083207.28,416664.7274,385000,NA,NA,NA,NA,NA,NA,NA,NA,NA,NA,NA,NA,NA,NA,NA,NA,NA,NA
2017,5,Cariboo,498,462,90,2,328,28,3,8,5,0,3,6,16,6,112519337.1,225942.4439,200200,1429972.84,1894.5,NA,NA,NA,NA,NA,NA,NA,NA,NA,NA,NA,NA,NA,NA,NA,NA,NA,NA,NA,NA,NA,NA
2017,5,Kootenay,629,580,87,4,396,68,11,16,14,0,2,19,4,10,177985503.5,282965.8243,245000,2500667.03,2798,NA,NA,NA,NA,NA,NA,NA,NA,NA,NA,NA,NA,NA,NA,NA,NA,NA,NA,NA,NA,NA,NA
2017,5,Mainland/Southwest,8328,8118,106,62,2837,3782,1187,140,44,76,20,44,13,13,7134589158,856698.9864,569847.5,148360178.6,9000,268,266005869.4,992559.214,602500,15873934.34,NA,NA,NA,NA,NA,NA,NA,NA,NA,NA,NA,NA,NA,NA,NA,NA,NA
2017,5,Nechako & North Coast,238,214,60,1,135,10,2,13,13,0,0,7,4,0,47971773.71,201562.0744,203300,610877.48,2031,NA,NA,NA,NA,NA,NA,NA,NA,NA,NA,NA,NA,NA,NA,NA,NA,NA,NA,NA,NA,NA,NA
2017,5,Northeast,157,125,23,0,88,6,4,12,12,0,0,1,16,3,41563321.86,264734.5341,250000,588791.97,3000,NA,NA,NA,NA,NA,NA,NA,NA,NA,NA,NA,NA,NA,NA,NA,NA,NA,NA,NA,NA,NA,NA
2017,5,Rest of province,NA,NA,NA,NA,NA,NA,NA,NA,NA,NA,NA,NA,NA,NA,NA,NA,NA,NA,NA,40,18397513,459937.825,314000,NA,NA,NA,NA,NA,NA,NA,NA,NA,NA,NA,NA,NA,NA,NA,NA,NA,NA
2017,5,Thompson/Okanagan,2085,1986,132,11,1160,537,93,37,20,6,11,33,20,9,857624873.9,411330.8748,365500,12754524.59,5000,30,16194100,539803.3333,384400,NA,NA,NA,NA,NA,NA,NA,NA,NA,NA,NA,NA,NA,NA,NA,NA,NA,NA
2017,5,Unknown,69,65,0,0,9,6,46,3,0,0,3,1,0,0,87196359.08,1263715.349,440000,1843273.59,7460,NA,NA,NA,NA,NA,NA,NA,NA,NA,NA,NA,NA,NA,NA,NA,NA,NA,NA,NA,NA,NA,NA
2017,5,Vancouver Island/Coast,2820,2710,146,50,1542,662,149,79,30,33,16,16,8,7,1335008274,473407.1892,385000,21014603.12,5301,98,72464256.67,739431.1905,632050,NA,NA,NA,NA,NA,NA,NA,NA,NA,NA,NA,NA,NA,NA,NA,NA,NA,NA
2017,6,Cariboo,664,626,143,5,417,36,11,17,15,0,2,10,9,2,174299479.2,262499.2156,220000,2336228.34,2200,NA,NA,NA,NA,NA,NA,NA,NA,NA,NA,NA,NA,NA,NA,NA,NA,NA,NA,NA,NA,NA,NA
2017,6,Kootenay,688,656,103,1,437,91,9,8,6,0,2,18,5,1,189233172.7,275048.2161,245000,2605353.9,2850,NA,NA,NA,NA,NA,NA,NA,NA,NA,NA,NA,NA,NA,NA,NA,NA,NA,NA,NA,NA,NA,NA
2017,6,Mainland/Southwest,9484,9221,103,59,3487,4141,1294,206,43,122,41,25,16,16,8997206763,948672.1597,630000,195772774.5,10400,297,496470903.7,1671619.205,750000,23984703.29,NA,NA,NA,NA,NA,NA,NA,NA,NA,NA,NA,NA,NA,NA,NA,NA,NA
2017,6,Nechako & North Coast,220,200,53,1,134,6,1,14,13,0,1,3,3,0,48107933.91,218672.4269,188500,637530.85,1885,NA,NA,NA,NA,NA,NA,NA,NA,NA,NA,NA,NA,NA,NA,NA,NA,NA,NA,NA,NA,NA,NA
2017,6,Northeast,202,138,22,2,100,4,4,13,11,0,2,1,46,4,60744369.46,300714.7003,235000,914247,2275,NA,NA,NA,NA,NA,NA,NA,NA,NA,NA,NA,NA,NA,NA,NA,NA,NA,NA,NA,NA,NA,NA
2017,6,Rest of province,NA,NA,NA,NA,NA,NA,NA,NA,NA,NA,NA,NA,NA,NA,NA,NA,NA,NA,NA,35,11859393.03,338839.8009,282000,NA,NA,NA,NA,NA,NA,NA,NA,NA,NA,NA,NA,NA,NA,NA,NA,NA,NA
2017,6,Thompson/Okanagan,2539,2429,223,13,1457,555,118,62,45,8,9,27,18,3,1138310790,448330.3622,384000,17568055.21,5340,31,14076587,454083.4516,365000,NA,NA,NA,NA,NA,NA,NA,NA,NA,NA,NA,NA,NA,NA,NA,NA,NA,NA
2017,6,Unknown,57,48,0,0,10,4,31,3,0,0,3,2,1,3,22674742.81,397802.5054,317000,512880.29,4380,NA,NA,NA,NA,NA,NA,NA,NA,NA,NA,NA,NA,NA,NA,NA,NA,NA,NA,NA,NA,NA,NA
2017,6,Vancouver Island/Coast,3133,2999,183,29,1818,715,182,83,32,39,12,39,2,10,1567228785,500232.6157,423900,25170511.92,5998,103,69969777.42,679318.2274,561800,NA,NA,NA,NA,NA,NA,NA,NA,NA,NA,NA,NA,NA,NA,NA,NA,NA,NA
2017,7,Cariboo,453,430,86,1,303,23,6,14,12,0,2,6,1,2,118700485.5,262031.9767,243000,1561122.43,2700,NA,NA,NA,NA,NA,NA,NA,NA,NA,NA,NA,NA,NA,NA,NA,NA,NA,NA,NA,NA,NA,NA
2017,7,Kootenay,594,557,81,2,383,72,8,15,10,0,5,13,7,2,169186549,284825.8401,249900,2432308.52,2910,NA,NA,NA,NA,NA,NA,NA,NA,NA,NA,NA,NA,NA,NA,NA,NA,NA,NA,NA,NA,NA,NA
2017,7,Mainland/Southwest,8960,8703,103,80,3213,3801,1379,184,53,108,23,21,16,36,8294211386,925693.235,645000,175886651.5,10661.75,294,345082576.3,1173750.259,709950,21571569.8,NA,NA,NA,NA,NA,NA,NA,NA,NA,NA,NA,NA,NA,NA,NA,NA,NA
2017,7,Nechako & North Coast,241,220,47,1,154,3,8,10,9,1,0,4,5,2,52959388.29,219748.4991,206000,684698.91,2000,NA,NA,NA,NA,NA,NA,NA,NA,NA,NA,NA,NA,NA,NA,NA,NA,NA,NA,NA,NA,NA,NA
2017,7,Northeast,168,130,25,0,93,1,1,6,4,0,2,3,27,2,43031594.11,256140.4411,243500,569578.58,2490,NA,NA,NA,NA,NA,NA,NA,NA,NA,NA,NA,NA,NA,NA,NA,NA,NA,NA,NA,NA,NA,NA
2017,7,Rest of province,NA,NA,NA,NA,NA,NA,NA,NA,NA,NA,NA,NA,NA,NA,NA,NA,NA,NA,NA,46,18605217.05,404461.2402,170000,NA,NA,NA,NA,NA,NA,NA,NA,NA,NA,NA,NA,NA,NA,NA,NA,NA,NA
2017,7,Thompson/Okanagan,2143,2056,135,7,1246,476,134,35,23,4,8,17,28,7,986219091.7,460204.8958,399888,15313793.95,5700,23,11376597,494634.6522,425000,NA,NA,NA,NA,NA,NA,NA,NA,NA,NA,NA,NA,NA,NA,NA,NA,NA,NA
2017,7,Unknown,149,140,0,0,3,8,124,5,0,3,2,1,0,3,82449755.11,553354.0611,400000,1354839.15,6000,NA,NA,NA,NA,NA,NA,NA,NA,NA,NA,NA,NA,NA,NA,NA,NA,NA,NA,NA,NA,NA,NA
2017,7,Vancouver Island/Coast,2682,2606,167,11,1659,604,104,50,35,6,9,16,7,3,1401961631,522729.9146,432000,22554844.77,6400,86,62214204.69,723420.9848,600000,NA,NA,NA,NA,NA,NA,NA,NA,NA,NA,NA,NA,NA,NA,NA,NA,NA,NA
2017,8,Cariboo,510,487,110,0,331,27,10,6,5,0,1,9,6,2,130965712.1,256795.5139,241250,1716782.78,2700,NA,NA,NA,NA,NA,NA,NA,NA,NA,NA,NA,NA,NA,NA,NA,NA,NA,NA,NA,NA,NA,NA
2017,8,Kootenay,736,683,111,4,435,100,18,31,23,0,8,15,4,3,210129509.5,285502.0509,259000,2926729.75,3110,NA,NA,NA,NA,NA,NA,NA,NA,NA,NA,NA,NA,NA,NA,NA,NA,NA,NA,NA,NA,NA,NA
2017,8,Mainland/Southwest,9430,9254,137,65,3282,3925,1674,118,36,60,22,28,12,18,8360074106,886540.2022,644950,173748822.4,10700,298,316914569,1063471.708,630000,21736517.64,NA,NA,NA,NA,NA,NA,NA,NA,NA,NA,NA,NA,NA,NA,NA,NA,NA
2017,8,Nechako & North Coast,229,206,33,0,159,7,2,12,5,2,5,4,4,3,52010127,227118.4585,220000,690054.46,2340,NA,NA,NA,NA,NA,NA,NA,NA,NA,NA,NA,NA,NA,NA,NA,NA,NA,NA,NA,NA,NA,NA
2017,8,Northeast,149,123,26,0,81,5,1,5,5,0,0,1,18,2,40334885.18,270703.9274,254000,543718.33,2600,NA,NA,NA,NA,NA,NA,NA,NA,NA,NA,NA,NA,NA,NA,NA,NA,NA,NA,NA,NA,NA,NA
2017,8,Rest of province,NA,NA,NA,NA,NA,NA,NA,NA,NA,NA,NA,NA,NA,NA,NA,NA,NA,NA,NA,43,10969703.92,255109.3935,183500,NA,NA,NA,NA,NA,NA,NA,NA,NA,NA,NA,NA,NA,NA,NA,NA,NA,NA
2017,8,Thompson/Okanagan,2479,2372,134,15,1411,586,164,38,30,4,4,39,17,13,1185012449,478020.3505,386000,19031039.09,5400,43,27790288,646285.7674,481500,NA,NA,NA,NA,NA,NA,NA,NA,NA,NA,NA,NA,NA,NA,NA,NA,NA,NA
2017,8,Unknown,68,65,4,0,9,7,42,0,0,0,0,1,1,1,34583380.04,508579.1182,312250,588667.5,3955,NA,NA,NA,NA,NA,NA,NA,NA,NA,NA,NA,NA,NA,NA,NA,NA,NA,NA,NA,NA,NA,NA
2017,8,Vancouver Island/Coast,2955,2887,160,19,1810,673,171,49,26,9,14,12,5,2,1561002899,528258.1722,434000,24882576.27,6300,90,59627552.75,662528.3639,630000,NA,NA,NA,NA,NA,NA,NA,NA,NA,NA,NA,NA,NA,NA,NA,NA,NA,NA
2017,9,Cariboo,526,495,101,3,305,27,49,12,8,0,4,3,15,1,133188401.6,253209.8889,235000,1689670.97,2420,NA,NA,NA,NA,NA,NA,NA,NA,NA,NA,NA,NA,NA,NA,NA,NA,NA,NA,NA,NA,NA,NA
2017,9,Kootenay,639,604,81,1,382,97,19,11,10,0,1,20,3,1,177523847.6,277815.098,235000,2443980.58,2500,NA,NA,NA,NA,NA,NA,NA,NA,NA,NA,NA,NA,NA,NA,NA,NA,NA,NA,NA,NA,NA,NA
2017,9,Mainland/Southwest,7596,7404,116,45,2376,3090,1614,151,45,60,46,33,4,4,6964984520,916927.9253,609950,156162768.4,10000,362,304179900.2,840275.9674,572450,24878313.54,NA,NA,NA,NA,NA,NA,NA,NA,NA,NA,NA,NA,NA,NA,NA,NA,NA
2017,9,Nechako & North Coast,195,176,38,5,116,9,2,13,10,0,3,4,1,1,41556781.76,213111.7013,195000,543824.95,1935.5,NA,NA,NA,NA,NA,NA,NA,NA,NA,NA,NA,NA,NA,NA,NA,NA,NA,NA,NA,NA,NA,NA
2017,9,Northeast,183,125,20,0,91,6,2,13,11,0,2,0,44,1,49983258.03,273132.5575,216812,730523.51,2200,NA,NA,NA,NA,NA,NA,NA,NA,NA,NA,NA,NA,NA,NA,NA,NA,NA,NA,NA,NA,NA,NA
2017,9,Rest of province,NA,NA,NA,NA,NA,NA,NA,NA,NA,NA,NA,NA,NA,NA,NA,NA,NA,NA,NA,34,9450522.4,277956.5412,200000,NA,NA,NA,NA,NA,NA,NA,NA,NA,NA,NA,NA,NA,NA,NA,NA,NA,NA
2017,9,Thompson/Okanagan,2071,1995,145,7,1150,438,205,32,17,3,12,16,21,7,944243255.9,455935.9034,386000,14464197.41,5362.76,24,21069200,877883.3333,562500,NA,NA,NA,NA,NA,NA,NA,NA,NA,NA,NA,NA,NA,NA,NA,NA,NA,NA
2017,9,Unknown,128,111,0,0,10,6,91,7,0,1,6,3,3,4,81967022.62,640367.3642,472500,1480274.29,7450,NA,NA,NA,NA,NA,NA,NA,NA,NA,NA,NA,NA,NA,NA,NA,NA,NA,NA,NA,NA,NA,NA
2017,9,Vancouver Island/Coast,2485,2403,156,25,1422,535,218,35,20,6,9,16,5,26,1227154920,493824.9177,411725.07,19066106.67,5900,91,59822294.5,657387.8516,510000,NA,NA,NA,NA,NA,NA,NA,NA,NA,NA,NA,NA,NA,NA,NA,NA,NA,NA
2017,10,Cariboo,544,502,112,3,306,39,37,22,13,0,9,9,11,0,143293275.3,263406.7561,231000,1908489.63,2200,NA,NA,NA,NA,NA,NA,NA,NA,NA,NA,NA,NA,NA,NA,NA,NA,NA,NA,NA,NA,NA,NA
2017,10,Kootenay,628,586,77,1,360,113,17,11,9,0,2,23,5,3,178358100.2,284009.7136,235500,2507161.1,2600,NA,NA,NA,NA,NA,NA,NA,NA,NA,NA,NA,NA,NA,NA,NA,NA,NA,NA,NA,NA,NA,NA
2017,10,Mainland/Southwest,7054,6740,112,45,2277,3096,1070,274,135,49,90,26,7,7,6916496421,980507.0061,640161.5,152276010.2,10600,232,315803418.2,1361221.63,673500,18924393.48,NA,NA,NA,NA,NA,NA,NA,NA,NA,NA,NA,NA,NA,NA,NA,NA,NA
2017,10,Nechako & North Coast,225,196,37,3,139,6,3,12,11,0,1,3,10,4,51971638.13,230985.0584,177000,754205.73,1750,NA,NA,NA,NA,NA,NA,NA,NA,NA,NA,NA,NA,NA,NA,NA,NA,NA,NA,NA,NA,NA,NA
2017,10,Northeast,154,117,19,0,79,2,9,9,6,0,3,3,23,2,38826459.56,252119.8673,219865,534607.28,2275,NA,NA,NA,NA,NA,NA,NA,NA,NA,NA,NA,NA,NA,NA,NA,NA,NA,NA,NA,NA,NA,NA
2017,10,Rest of province,NA,NA,NA,NA,NA,NA,NA,NA,NA,NA,NA,NA,NA,NA,NA,NA,NA,NA,NA,35,11915656.82,340447.3377,150000,NA,NA,NA,NA,NA,NA,NA,NA,NA,NA,NA,NA,NA,NA,NA,NA,NA,NA
2017,10,Thompson/Okanagan,2031,1901,149,16,1083,405,202,53,37,5,11,32,24,21,936458056.5,461082.2533,379000,14858293.46,5250,21,13001300,619109.5238,400000,NA,NA,NA,NA,NA,NA,NA,NA,NA,NA,NA,NA,NA,NA,NA,NA,NA,NA
2017,10,Unknown,41,39,0,0,8,12,14,0,0,0,0,1,1,0,14473139.67,353003.4066,276500,204434.65,3500,NA,NA,NA,NA,NA,NA,NA,NA,NA,NA,NA,NA,NA,NA,NA,NA,NA,NA,NA,NA,NA,NA
2017,10,Vancouver Island/Coast,2331,2225,147,25,1351,522,125,83,48,16,19,11,5,7,1289260374,553093.2534,417000,21941802.68,5980,66,45822138.29,694274.8226,628700,NA,NA,NA,NA,NA,NA,NA,NA,NA,NA,NA,NA,NA,NA,NA,NA,NA,NA
2017,11,Cariboo,394,360,66,2,248,24,15,13,12,0,1,5,15,1,107339171.8,272434.4463,222500,1391548.58,1873.76,NA,NA,NA,NA,NA,NA,NA,NA,NA,NA,NA,NA,NA,NA,NA,NA,NA,NA,NA,NA,NA,NA
2017,11,Kootenay,532,480,62,4,296,97,9,18,12,0,6,18,13,3,133329959.3,250620.2242,225000,1735498.01,2270,NA,NA,NA,NA,NA,NA,NA,NA,NA,NA,NA,NA,NA,NA,NA,NA,NA,NA,NA,NA,NA,NA
2017,11,Mainland/Southwest,7332,7093,94,56,2274,3060,1493,175,59,89,27,32,16,16,7187470581,980287.8589,630000,150142769.4,10300,308,289131590.1,938738.9288,641000,21010160.92,NA,NA,NA,NA,NA,NA,NA,NA,NA,NA,NA,NA,NA,NA,NA,NA,NA
2017,11,Nechako & North Coast,182,171,37,2,109,16,3,5,3,0,2,1,5,0,37571485.11,206436.7314,179750,460390.44,1540,NA,NA,NA,NA,NA,NA,NA,NA,NA,NA,NA,NA,NA,NA,NA,NA,NA,NA,NA,NA,NA,NA
2017,11,Northeast,188,138,24,0,94,1,7,15,5,0,10,1,31,3,53349323.79,283772.9989,200550,800411.7,1909.14,NA,NA,NA,NA,NA,NA,NA,NA,NA,NA,NA,NA,NA,NA,NA,NA,NA,NA,NA,NA,NA,NA
2017,11,Rest of province,NA,NA,NA,NA,NA,NA,NA,NA,NA,NA,NA,NA,NA,NA,NA,NA,NA,NA,NA,19,3911501.39,205868.4942,128000,NA,NA,NA,NA,NA,NA,NA,NA,NA,NA,NA,NA,NA,NA,NA,NA,NA,NA
2017,11,Thompson/Okanagan,1656,1551,96,10,886,374,133,62,49,4,9,18,18,7,796820399.4,481171.7388,399450,12186778.9,5099,19,12624100,664426.3158,490000,NA,NA,NA,NA,NA,NA,NA,NA,NA,NA,NA,NA,NA,NA,NA,NA,NA,NA
2017,11,Unknown,42,39,0,0,2,8,25,1,0,0,1,1,1,0,18650654.05,444063.1917,423592.5,242656.49,4535,NA,NA,NA,NA,NA,NA,NA,NA,NA,NA,NA,NA,NA,NA,NA,NA,NA,NA,NA,NA,NA,NA
2017,11,Vancouver Island/Coast,2152,2075,149,14,1196,433,237,53,23,12,18,15,4,5,1157561507,537900.3285,430000,18202667.04,5800,59,50472465.52,855465.5173,675000,NA,NA,NA,NA,NA,NA,NA,NA,NA,NA,NA,NA,NA,NA,NA,NA,NA,NA
2017,12,Cariboo,300,260,64,0,171,16,5,27,12,0,15,5,6,2,75489157.45,251630.5248,211324,768847.97,1147.5,NA,NA,NA,NA,NA,NA,NA,NA,NA,NA,NA,NA,NA,NA,NA,NA,NA,NA,NA,NA,NA,NA
2017,12,Kootenay,440,376,67,3,223,70,7,52,15,0,37,9,2,1,132645004.4,301465.9191,250000,1694055.91,2061.83,NA,NA,NA,NA,NA,NA,NA,NA,NA,NA,NA,NA,NA,NA,NA,NA,NA,NA,NA,NA,NA,NA
2017,12,Mainland/Southwest,5554,5307,86,52,1769,2885,394,179,64,82,33,42,13,13,5881645604,1058992.727,632554.26,94777549.94,9560,234,252338931.1,1078371.5,620450,16738374.26,NA,NA,NA,NA,NA,NA,NA,NA,NA,NA,NA,NA,NA,NA,NA,NA,NA
2017,12,Nechako & North Coast,132,115,30,0,73,5,1,12,12,0,0,2,3,0,28287589.21,214299.9183,190350,251728.75,1149.795,NA,NA,NA,NA,NA,NA,NA,NA,NA,NA,NA,NA,NA,NA,NA,NA,NA,NA,NA,NA,NA,NA
2017,12,Northeast,130,92,20,2,59,5,0,17,16,0,1,3,13,5,33865181.13,260501.3933,198711,310363.6,1375,NA,NA,NA,NA,NA,NA,NA,NA,NA,NA,NA,NA,NA,NA,NA,NA,NA,NA,NA,NA,NA,NA
2017,12,Rest of province,NA,NA,NA,NA,NA,NA,NA,NA,NA,NA,NA,NA,NA,NA,NA,NA,NA,NA,NA,22,7269247.99,330420.3632,233000,NA,NA,NA,NA,NA,NA,NA,NA,NA,NA,NA,NA,NA,NA,NA,NA,NA,NA
2017,12,Thompson/Okanagan,1294,1161,85,10,624,260,135,62,38,4,20,21,41,9,675268569.5,521845.8806,388375,9234590.29,3994.45,20,9958512.29,497925.6145,387450,NA,NA,NA,NA,NA,NA,NA,NA,NA,NA,NA,NA,NA,NA,NA,NA,NA,NA
2017,12,Unknown,28,24,0,0,6,4,7,1,0,0,1,1,0,2,9921026,354322.3571,279787.5,109225.54,1622.5,NA,NA,NA,NA,NA,NA,NA,NA,NA,NA,NA,NA,NA,NA,NA,NA,NA,NA,NA,NA,NA,NA
2017,12,Vancouver Island/Coast,1699,1601,102,23,976,391,66,59,26,13,20,24,1,14,964547742.4,567714.9749,426000,15112996.59,5280,52,31974408.34,614892.4681,592619.05,NA,NA,NA,NA,NA,NA,NA,NA,NA,NA,NA,NA,NA,NA,NA,NA,NA,NA
2018,1,CARIBOO,301,263,66,0,114,NA,1,26,19,1,6,0,11,1,69560509.42,231098.04,200000,752127,1380,NA,NA,NA,NA,NA,NA,NA,8,29,25,14,6,44,4,56031669.42,NA,NA,NA,NA,NA,NA,NA
2018,1,KOOTENAY,364,312,65,5,114,NA,2,42,35,5,2,1,9,0,92080178.63,252967.52,199500,1140585,1500,NA,NA,NA,NA,NA,NA,NA,3,35,32,15,41,33,5,72708359.4,NA,NA,NA,NA,NA,NA,NA
2018,1,MAINLAND/SOUTHWEST,5838,5507,100,33,1189,NA,516,293,76,204,13,6,31,1,5873434839,1006069.69,667672.5,101747914,10600,211,NA,NA,NA,10658553.71,NA,NA,442,149,117,898,2063,537,431,5301242236,202960418,750000,1062619.99,NA,191,20,NA
2018,1,NECHAKO & NORTH COAST,147,134,42,3,58,NA,0,8,8,0,0,3,2,0,27657192.3,188144.17,155000,303061,900,NA,NA,NA,NA,NA,NA,NA,5,7,12,5,2,27,0,26204792.3,NA,NA,NA,NA,NA,NA,NA
2018,1,NORTHEAST,110,92,18,1,53,NA,0,4,2,0,2,1,13,0,26456498.02,240513.62,225000,271099,1040,NA,NA,NA,NA,NA,NA,NA,1,3,11,3,2,30,2,24413383.82,NA,NA,NA,NA,NA,NA,NA
2018,1,REST OF PROVINCE,NA,NA,NA,NA,NA,NA,NA,NA,NA,NA,NA,NA,NA,NA,NA,NA,NA,NA,NA,49,NA,NA,NA,NA,NA,NA,NA,NA,NA,NA,NA,NA,NA,NA,4840047,52383.5,115239.21,NA,42,7,NA
2018,1,THOMPSON/OKANAGAN,1268,1165,76,4,422,NA,82,74,55,17,2,0,29,0,553505319.5,436518.39,359400,7535973,3790,nr,NA,NA,NA,NA,NA,NA,50,141,70,127,193,131,72,469105677,17356812,496000,694272.48,NA,25,nr,NA
2018,1,UNKNOWN,24,17,0,0,0,NA,17,0,0,0,0,2,0,5,10378670,432444.58,425000,89933,1905,NA,NA,NA,NA,NA,NA,NA,0,0,0,0,0,0,4,7366170,NA,NA,NA,NA,NA,NA,NA
2018,1,VANCOUVER ISLAND/COAST,1638,1547,102,23,636,NA,77,82,41,37,4,1,6,2,839899811.4,512759.35,419900,11919967,5113,nr,NA,NA,NA,NA,NA,NA,126,126,98,100,259,209,81,788271408.5,26848752.38,599900,654847.62,NA,41,nr,NA
2018,2,CARIBOO,265,231,62,0,95,NA,6,17,15,0,2,0,16,1,66474290.29,250846.38,175000,754385,975,NA,NA,NA,NA,NA,NA,NA,5,23,17,15,8,52,10,48289193.96,NA,NA,NA,NA,NA,NA,NA
2018,2,KOOTENAY,296,268,38,3,106,NA,3,23,20,2,1,2,3,0,84662731.67,286022.74,225750,1045793,1668,NA,NA,NA,NA,NA,NA,NA,8,38,11,17,44,38,2,73579329.1,NA,NA,NA,NA,NA,NA,NA
2018,2,MAINLAND/SOUTHWEST,4579,4352,80,34,916,NA,635,202,66,122,14,4,21,0,4645824886,1014593.77,685000,86227504,10820,241,NA,NA,NA,11816541.36,NA,NA,353,119,92,635,1488,379,353,4066842468,224247077.7,682900,1014692.66,NA,221,20,NA
2018,2,NECHAKO & NORTH COAST,153,129,36,0,37,NA,0,20,19,0,1,0,4,0,31577594.01,206389.5,120000,367240,790,NA,NA,NA,NA,NA,NA,NA,6,6,17,2,25,26,3,21038394.01,NA,NA,NA,NA,NA,NA,NA
2018,2,NORTHEAST,110,90,23,1,32,NA,3,6,6,0,0,0,13,1,25401107.44,230919.16,175250,276862,914,NA,NA,NA,NA,NA,NA,NA,2,11,11,2,5,26,2,19497320.63,NA,NA,NA,NA,NA,NA,NA
2018,2,REST OF PROVINCE,NA,NA,NA,NA,NA,NA,NA,NA,NA,NA,NA,NA,NA,NA,NA,NA,NA,NA,NA,nr,NA,NA,NA,NA,NA,NA,NA,NA,NA,NA,NA,NA,NA,NA,2935812,144260,183488.25,NA,16,nr,NA
2018,2,THOMPSON/OKANAGAN,1121,1019,70,17,364,NA,140,67,41,20,6,6,19,10,590677410.5,526920.08,392500,7323953,4430,29,NA,NA,NA,NA,NA,NA,42,69,56,102,159,112,82,525416677.6,8814750,485900,587650,NA,15,14,NA
2018,2,UNKNOWN,12,5,0,0,0,NA,5,1,0,0,1,0,0,6,2434125,202843.75,60000,37232,600,NA,NA,NA,NA,NA,NA,NA,0,0,0,0,0,0,0,1886900,NA,NA,NA,NA,NA,NA,NA
2018,2,VANCOUVER ISLAND/COAST,1373,1272,80,14,481,NA,124,81,36,35,10,2,10,8,714904025.5,520687.56,410000,10667012,4700,49,NA,NA,NA,NA,NA,NA,86,95,88,80,224,146,81,623426776.3,29062986.61,685900,745204.78,NA,39,10,NA
2018,3,CARIBOO,328,301,66,2,126,NA,7,20,20,0,0,0,6,1,79828983.51,243381.05,219500,779724,1125,NA,NA,NA,NA,NA,NA,NA,14,45,23,9,9,66,15,67554547.5,NA,NA,NA,NA,NA,NA,NA
2018,3,KOOTENAY,391,338,53,5,131,NA,12,46,36,10,0,1,6,0,111198786.9,284395.87,241258.34,1373738,1750,NA,NA,NA,NA,NA,NA,NA,7,35,20,32,43,54,9,94608903.11,NA,NA,NA,NA,NA,NA,NA
2018,3,MAINLAND/SOUTHWEST,5077,4807,90,27,1053,NA,604,233,79,133,21,3,33,1,5716992471,1126057.21,694400,120327664,11200,183,NA,NA,NA,15883531.63,NA,NA,365,140,102,783,1643,419,334,4588512311,183556447.2,818000,1169149.34,NA,157,26,NA
2018,3,NECHAKO & NORTH COAST,142,126,22,5,50,NA,1,9,9,0,0,1,6,0,29328009,206535.27,165750,326139,1000,NA,NA,NA,NA,NA,NA,NA,6,17,17,5,3,31,1,23694795,NA,NA,NA,NA,NA,NA,NA
2018,3,NORTHEAST,148,124,27,2,58,NA,6,10,10,0,0,1,13,0,54212843.01,366302.99,223750,825376,1189,NA,NA,NA,NA,NA,NA,NA,2,6,16,3,4,29,4,32822875.01,NA,NA,NA,NA,NA,NA,NA
2018,3,REST OF PROVINCE,NA,NA,NA,NA,NA,NA,NA,NA,NA,NA,NA,NA,NA,NA,NA,NA,NA,NA,NA,33,NA,NA,NA,NA,NA,NA,NA,NA,NA,NA,NA,NA,NA,NA,4285497.38,306000,252088.08,NA,17,16,NA
2018,3,THOMPSON/OKANAGAN,1250,1145,98,9,422,NA,62,59,42,14,3,2,42,2,618865561.5,495092.45,400000,8951894,4800,14,NA,NA,NA,NA,NA,NA,50,109,68,138,189,153,66,519526192.2,3736300,339900,415144.44,NA,9,5,NA
2018,3,UNKNOWN,11,7,0,0,0,NA,7,0,0,0,0,2,1,1,3506480,318770.91,204000,75640,51,NA,NA,NA,NA,NA,NA,NA,0,0,0,0,0,0,0,2292620,NA,NA,NA,NA,NA,NA,NA
2018,3,VANCOUVER ISLAND/COAST,1762,1640,115,24,612,NA,138,109,56,45,8,1,9,3,910708880.4,516860.89,430000,12973329,5180,nr,NA,NA,NA,NA,NA,NA,108,133,95,132,283,189,125,822683348.7,30226338.79,640000,737227.78,NA,41,nr,NA
2018,4,CARIBOO,330,306,69,3,134,NA,3,16,14,0,2,0,8,0,85459387.15,258967.84,242000,876608,1289,NA,NA,NA,NA,NA,NA,NA,18,31,17,20,11,72,15,74801287.15,NA,NA,NA,NA,NA,NA,NA
2018,4,KOOTENAY,461,418,45,2,187,NA,5,30,22,4,4,3,9,1,126558833.5,274531.09,233500,1430447,1720,NA,NA,NA,NA,NA,NA,NA,11,56,39,23,50,71,10,111183252.1,NA,NA,NA,NA,NA,NA,NA
2018,4,MAINLAND/SOUTHWEST,5362,5072,95,62,1161,NA,40,252,95,137,20,1,35,2,6244391392,1164563.86,704900,140042096,11660,179,NA,NA,NA,14355392.46,NA,NA,429,151,132,1022,1980,446,333,5322655469,169043280.1,791000,1104858.04,NA,153,26,NA
2018,4,NECHAKO & NORTH COAST,194,169,30,1,86,NA,1,14,13,1,0,1,10,0,41493144.23,213882.19,208750,369775,1026,NA,NA,NA,NA,NA,NA,NA,11,15,14,6,5,51,3,36979335.91,NA,NA,NA,NA,NA,NA,NA
2018,4,NORTHEAST,117,101,21,1,49,NA,0,11,8,3,0,0,5,0,33537585.16,286646.03,247000,400064,1299,NA,NA,NA,NA,NA,NA,NA,2,6,14,3,5,32,0,23936290.16,NA,NA,NA,NA,NA,NA,NA
2018,4,REST OF PROVINCE,NA,NA,NA,NA,NA,NA,NA,NA,NA,NA,NA,NA,NA,NA,NA,NA,NA,NA,NA,23,NA,NA,NA,NA,NA,NA,NA,NA,NA,NA,NA,NA,NA,NA,6111698.48,295000,436549.89,NA,14,9,NA
2018,4,THOMPSON/OKANAGAN,1603,1479,107,8,562,NA,48,68,51,13,4,2,54,0,812027657.4,506567.47,401250,12328892,4900,nr,NA,NA,NA,893,NA,NA,65,153,109,190,237,194,82,685373359.9,8062720,430500,474277.65,NA,17,nr,NA
2018,4,UNKNOWN,4,3,0,0,0,NA,3,0,0,0,0,1,0,0,11080500,2770125,480750,nr,nr,NA,NA,NA,NA,NA,NA,NA,0,0,0,0,0,0,0,1171500,NA,NA,NA,NA,NA,NA,NA
2018,4,VANCOUVER ISLAND/COAST,1847,1706,106,20,738,NA,46,122,47,67,8,2,13,4,1010187779,546934.37,440000,15189084,5600,81,NA,NA,NA,176603.11,NA,NA,116,159,91,153,277,214,119,894112085.4,26741832.65,725709.18,742828.68,NA,36,45,NA
2018,5,CARIBOO,478,449,118,1,185,NA,0,21,19,1,1,0,8,0,125287190,262107,240000,1247690,1205,NA,NA,NA,NA,NA,NA,NA,21,37,53,25,9,118,18,109151723,NA,NA,NA,NA,NA,NA,NA
2018,5,KOOTENAY,664,602,92,2,222,NA,15,37,22,0,15,2,10,13,176275745,265476,235000,2153286,1825,NA,NA,NA,NA,NA,NA,NA,17,98,29,41,86,68,13,161188516,NA,NA,NA,NA,NA,NA,NA
2018,5,MAINLAND/SOUTHWEST,6350,5990,91,46,1311,NA,190,316,80,205,31,5,38,1,6548935203,1031328,655000,123785345,10530,197,NA,NA,NA,12942750,NA,NA,402,210,142,1110,2488,526,476,5590720228,175634960,752500,992288,NA,177,20,NA
2018,5,NECHAKO & NORTH COAST,221,210,57,3,85,NA,3,10,10,0,0,0,1,0,49020124,221811,200000,484680,975,NA,NA,NA,NA,NA,NA,NA,5,20,24,10,3,54,3,46409584,NA,NA,NA,NA,NA,NA,NA
2018,5,NORTHEAST,195,154,34,7,66,NA,6,13,11,0,2,0,28,0,55133319,282735,230000,651341,1240,NA,NA,NA,NA,NA,NA,NA,0,18,17,5,1,48,2,37400122,NA,NA,NA,NA,NA,NA,NA
2018,5,REST OF PROVINCE,NA,NA,NA,NA,NA,NA,NA,NA,NA,NA,NA,NA,NA,NA,NA,NA,NA,NA,NA,nr,NA,NA,NA,NA,NA,NA,NA,NA,NA,NA,NA,NA,NA,NA,8514375,262000,274657,NA,31,nr,NA
2018,5,THOMPSON/OKANAGAN,1898,1748,135,10,646,NA,12,85,60,21,4,3,62,0,899253410,473790,382800,13014919,4531,26,NA,NA,NA,1230,NA,NA,81,182,118,188,376,218,122,770619650,11147883,460500,530852,NA,21,5,NA
2018,5,UNKNOWN,3,0,0,0,0,NA,0,0,0,0,0,1,1,1,450099,150033,200000,4900,2000,NA,NA,NA,NA,NA,NA,NA,0,0,0,0,0,0,0,0,NA,NA,NA,NA,NA,NA,NA
2018,5,VANCOUVER ISLAND/COAST,2203,2098,158,29,829,NA,93,88,48,33,7,1,13,3,1178431359,534921,449900,16804838,5500,64,NA,NA,NA,367782,NA,NA,129,218,95,213,334,253,153,1101173628,49330863,515000,836116,NA,59,5,NA
2018,6,CARIBOO,559,520,139,4,239,NA,1,26,20,0,6,0,13,0,155517373.6,278206.3928,260000,1748521.42,1900,NA,NA,NA,NA,NA,NA,NA,28,42,35,16,16,114,14,138200813.6,NA,NA,NA,NA,NA,NA,NA
2018,6,KOOTENAY,867,822,96,4,322,NA,2,32,27,1,4,0,12,1,238175214.9,274711.8973,239500,2804558.12,1740,NA,NA,NA,NA,NA,NA,NA,12,91,55,55,185,117,19,221704160.9,NA,NA,NA,NA,NA,NA,NA
2018,6,MAINLAND/SOUTHWEST,6786,6481,125,88,1445,NA,331,266,82,165,19,4,34,1,6304922737,929107.3883,650000,114639597.2,10520,171,NA,NA,NA,18902006.03,NA,NA,433,216,113,1168,2562,554,681,5689260348,188548218,718000,1216440.116,NA,155,16,NA
2018,6,NECHAKO & NORTH COAST,278,252,56,3,132,NA,0,22,18,0,4,1,3,0,67166571.01,241606.3705,217600,711038.02,1157.5,NA,NA,NA,NA,NA,NA,NA,7,22,24,5,3,79,3,56872747.95,NA,NA,NA,NA,NA,NA,NA
2018,6,NORTHEAST,173,149,42,0,72,NA,1,12,12,0,0,1,11,0,56675783.34,327605.684,284000,680027.98,1500,NA,NA,NA,NA,NA,NA,NA,0,9,17,7,1,57,3,41534561.84,NA,NA,NA,NA,NA,NA,NA
2018,6,THOMPSON/OKANAGAN,1978,1836,126,13,804,NA,13,94,74,18,2,2,46,0,954990350.1,482806.0415,414750,13504593.23,5074,15,NA,NA,NA,87950,NA,NA,86,178,135,203,278,241,89,836628246,5302000,433500,530200,NA,10,5,NA
2018,6,UNKNOWN,9,2,0,0,0,NA,2,0,0,0,0,0,0,7,1052000,116888.8889,0,3040,0,NA,NA,NA,NA,NA,NA,NA,0,0,0,0,0,0,0,850000,NA,NA,NA,NA,NA,NA,NA
2018,6,VANCOUVER ISLAND/COAST,2445,2316,185,21,976,NA,71,111,42,49,20,0,10,8,1353812074,553706.3698,465000,20196329.95,6200,59,NA,NA,NA,226230.5,NA,NA,145,182,139,192,405,286,140,1241614493,27241033.1,440000,534137.9039,NA,51,8,NA
2018,6,REST OF PROVINCE,NA,NA,NA,NA,NA,NA,NA,NA,NA,NA,NA,NA,NA,NA,NA,NA,NA,NA,NA,33,NA,NA,NA,NA,NA,NA,NA,NA,NA,NA,NA,NA,NA,NA,6427638.95,278000,279462.563,NA,23,9,NA
2018,7,CARIBOO,543,515,120,1,245,NA,1,20,19,1,0,0,8,0,151776269,279514.3075,260000,1658454.89,1750,NA,NA,NA,NA,NA,NA,NA,31,46,37,20,14,128,8,139345633,NA,NA,NA,NA,NA,NA,NA
2018,7,KOOTENAY,655,615,89,2,281,NA,1,30,24,4,2,1,9,0,715043330.7,1091669.207,250000,16687191.85,1800,NA,NA,NA,NA,NA,NA,NA,14,95,41,28,64,91,13,215839605.6,NA,NA,NA,NA,NA,NA,NA
2018,7,MAINLAND/SOUTHWEST,6782,6503,103,44,1411,NA,700,227,76,140,11,3,47,2,6752428274,995639.6748,665000,130836962.1,10700,133,NA,NA,NA,10115671.99,NA,NA,445,211,123,1175,2291,537,754,5921541852,174658847,902444.44,1431629.893,NA,122,11,NA
2018,7,NECHAKO & NORTH COAST,257,242,39,0,132,NA,0,12,10,0,2,0,3,0,63664633.81,247722.3105,243000,621957.48,1580,NA,NA,NA,NA,NA,NA,NA,8,33,21,6,3,73,0,61128639,NA,NA,NA,NA,NA,NA,NA
2018,7,NORTHEAST,201,176,40,0,85,NA,0,13,12,0,1,1,11,0,59195019.77,294502.5859,250000,687209,1250,NA,NA,NA,NA,NA,NA,NA,2,25,17,6,1,47,4,50260608.82,NA,NA,NA,NA,NA,NA,NA
2018,7,THOMPSON/OKANAGAN,1823,1725,141,13,776,NA,16,58,44,13,1,3,36,1,937851312.1,514454.9161,425202.15,13618379.17,5500,nr,NA,NA,NA,484504,NA,NA,75,166,100,218,220,214,83,857231520.1,9570000,529500,683571.4286,NA,14,nr,NA
2018,7,UNKNOWN,11,10,0,0,0,NA,10,0,0,0,0,1,0,0,5442773.75,494797.6136,495900,34892.2,0,NA,NA,NA,NA,NA,NA,NA,0,0,0,0,0,0,6,5399273.75,NA,NA,NA,NA,NA,NA,NA
2018,7,VANCOUVER ISLAND/COAST,2335,2217,161,14,945,NA,18,98,43,44,11,1,11,8,1248711176,534779.9468,464000,18436361.14,6210,nr,NA,NA,NA,112198.4,NA,NA,144,216,108,231,380,287,116,1149146267,7029100,495000,585758.3333,NA,12,nr,NA
2018,7,REST OF PROVINCE,NA,NA,NA,NA,NA,NA,NA,NA,NA,NA,NA,NA,NA,NA,NA,NA,NA,NA,NA,43,NA,NA,NA,NA,NA,NA,NA,NA,NA,NA,NA,NA,NA,NA,10675452.63,357500,344369.4397,NA,31,12,NA
2018,8,CARIBOO,509,463,137,1,209,NA,0,28,23,0,5,0,18,0,166895606.9,327889.208,281000,2049705.32,1800,NA,NA,NA,NA,NA,NA,NA,22,37,32,16,9,137,11,129518201.9,NA,NA,NA,NA,NA,NA,NA
2018,8,KOOTENAY,826,787,114,1,308,NA,0,29,21,0,8,2,8,0,234847234.4,284318.6858,244500,2953990.57,1695,NA,NA,NA,NA,NA,NA,NA,15,168,64,43,74,104,13,217275839.4,NA,NA,NA,NA,NA,NA,NA
2018,8,MAINLAND/SOUTHWEST,6059,5765,98,42,1369,NA,342,266,72,172,22,3,24,1,6558794215,1082487.905,692000,132173863.3,11396,153,NA,NA,NA,12033829.56,NA,NA,427,245,128,1057,2057,509,396,5501676100,182479034.2,855000,1361783.838,NA,134,19,NA
2018,8,NECHAKO & NORTH COAST,272,260,60,4,124,NA,2,6,5,1,0,2,4,0,65117728.67,239403.4142,231500,637240.27,1390,NA,NA,NA,NA,NA,NA,NA,7,20,28,9,6,70,7,61954635.67,NA,NA,NA,NA,NA,NA,NA
2018,8,NORTHEAST,210,180,37,8,86,NA,0,7,6,1,0,0,23,0,69802624.34,332393.4492,268000,896878.81,1836.59,NA,NA,NA,NA,NA,NA,NA,0,11,23,8,7,49,2,62865709.34,NA,NA,NA,NA,NA,NA,NA
2018,8,THOMPSON/OKANAGAN,2165,2014,164,9,820,NA,71,86,38,46,2,19,43,3,1033378054,477310.8794,410000,15046336.99,4920,nr,NA,NA,NA,356932,NA,NA,94,181,119,261,295,243,107,942594726.8,17371848.5,374408.5,469509.4189,NA,37,nr,NA
2018,8,UNKNOWN,7,5,0,0,0,NA,5,0,0,0,0,0,2,0,1729473.13,247067.59,244900,13669.82,1449,NA,NA,NA,NA,NA,NA,NA,0,0,0,0,0,0,2,1474643,NA,NA,NA,NA,NA,NA,NA
2018,8,VANCOUVER ISLAND/COAST,2398,2278,152,13,992,NA,28,104,60,32,12,1,15,0,1366342222,569784.0793,479250,20252888.19,6600,nr,NA,NA,NA,1882149.55,NA,NA,168,137,154,211,423,282,132,1270198882,28687592.76,503500,683037.9229,NA,42,nr,NA
2018,8,REST OF PROVINCE,NA,NA,NA,NA,NA,NA,NA,NA,NA,NA,NA,NA,NA,NA,NA,NA,NA,NA,NA,58,NA,NA,NA,NA,NA,NA,NA,NA,NA,NA,NA,NA,NA,NA,11273522.33,205000,281838.0583,NA,40,18,NA
2018,9,CARIBOO,430,403,86,3,193,NA,0,12,9,0,3,1,13,1,117604743.8,273499.4041,263600,1195028.16,1630.665,NA,NA,NA,NA,NA,NA,NA,22,33,37,18,11,101,14,110005058.8,NA,NA,NA,NA,NA,NA,NA
2018,9,KOOTENAY,526,481,79,9,206,NA,0,29,12,6,11,2,12,2,147805315.9,280998.6994,240000,1830789.74,1850,NA,NA,NA,NA,NA,NA,NA,12,64,31,34,46,69,3,133514420.7,NA,NA,NA,NA,NA,NA,NA
2018,9,MAINLAND/SOUTHWEST,5005,4766,111,43,946,NA,283,203,71,126,6,2,34,0,4941069097,987226.5929,668900,96366371.73,10500,154,NA,NA,NA,16712982.55,NA,NA,300,158,96,795,2034,364,611,4383856650,151345272.2,755900,1065811.776,NA,142,12,NA
2018,9,NECHAKO & NORTH COAST,188,171,39,1,76,NA,0,9,9,0,0,0,8,0,45915875.39,244233.3797,220000,440173.22,1200,NA,NA,NA,NA,NA,NA,NA,8,15,20,9,3,53,5,41377587.39,NA,NA,NA,NA,NA,NA,NA
2018,9,NORTHEAST,144,112,27,2,57,NA,0,8,8,0,0,0,24,0,37502352.1,260433.0007,231498.06,418338.05,1073.3,NA,NA,NA,NA,NA,NA,NA,0,8,12,3,3,29,5,29978524.1,NA,NA,NA,NA,NA,NA,NA
2018,9,THOMPSON/OKANAGAN,1619,1441,126,6,567,NA,21,154,130,21,3,3,21,0,816798315,504507.9153,410000,11844829.96,4400,13,NA,NA,NA,0,NA,NA,47,173,102,179,220,178,165,695523537,4434500,597750,739083.3333,NA,6,7,NA
2018,9,UNKNOWN,8,8,0,0,0,NA,8,0,0,0,0,0,0,0,4962501.25,620312.6563,580767.5,64158.68,8401.15,NA,NA,NA,NA,NA,NA,NA,0,0,0,0,0,0,2,4962501.25,NA,NA,NA,NA,NA,NA,NA
2018,9,VANCOUVER ISLAND/COAST,1739,1646,115,20,672,NA,23,77,33,39,5,2,11,3,981477461.6,564391.8698,475000,14956451.13,6460,22,NA,NA,NA,856520,NA,NA,109,185,98,166,258,179,92,903639698.1,10750100,387500,488640.9091,NA,22,0,NA
2018,9,REST OF PROVINCE,NA,NA,NA,NA,NA,NA,NA,NA,NA,NA,NA,NA,NA,NA,NA,NA,NA,NA,NA,25,NA,NA,NA,NA,NA,NA,NA,NA,NA,NA,NA,NA,NA,NA,7016563.75,255000,350828.1875,NA,20,5,NA
2018,10,CARIBOO,436,402,95,3,188,NA,0,15,10,0,5,1,18,0,109716350.1,251643.0049,251750,1055802.61,1311.66,NA,NA,NA,NA,NA,NA,NA,12,36,41,19,8,104,14,99562232.14,NA,NA,NA,NA,NA,NA,NA
2018,10,KOOTENAY,637,603,92,9,230,NA,2,21,19,0,2,2,11,0,185682229.2,291494.8653,250000,2097626.87,1950,NA,NA,NA,NA,NA,NA,NA,14,84,39,45,88,102,6,172676616.6,NA,NA,NA,NA,NA,NA,NA
2018,10,MAINLAND/SOUTHWEST,5156,4924,115,31,1005,NA,380,189,67,103,19,13,26,4,5308810095,1029637.334,648500,104639242.3,10400,141,NA,NA,NA,15699795.74,NA,NA,322,253,109,881,1828,443,499,4617438798,143306509.6,808950,1102357.766,NA,130,11,NA
2018,10,NECHAKO & NORTH COAST,288,250,49,2,118,NA,0,31,14,0,17,0,7,0,63089547.36,219060.9283,200775,626558.04,1303.835,NA,NA,NA,NA,NA,NA,NA,7,33,22,14,5,61,5,56797547.36,NA,NA,NA,NA,NA,NA,NA
2018,10,NORTHEAST,180,151,33,0,73,NA,0,9,9,0,0,0,20,0,45933869.97,255188.1665,215946.255,490754,1087.5,NA,NA,NA,NA,NA,NA,NA,4,16,16,5,4,41,6,34921933.97,NA,NA,NA,NA,NA,NA,NA
2018,10,THOMPSON/OKANAGAN,1759,1619,121,11,583,NA,11,89,61,24,4,2,49,0,856254072.1,486784.5777,385000,13576920.01,4440,nr,NA,NA,NA,63230,NA,NA,65,157,105,182,384,184,133,752186326.1,10165422.8,541250,564745.7111,NA,18,nr,NA
2018,10,UNKNOWN,9,9,0,0,0,NA,9,0,0,0,0,0,0,0,5283097.75,587010.8611,600215,20281.06,0,NA,NA,NA,NA,NA,NA,NA,0,0,0,0,0,0,7,5283097.75,NA,NA,NA,NA,NA,NA,NA
2018,10,VANCOUVER ISLAND/COAST,1933,1822,120,19,714,NA,7,106,54,42,10,1,4,0,1086370251,562012.5459,444500,17719741.39,5700,nr,NA,NA,NA,808363.44,NA,NA,128,230,102,189,313,209,110,984246791.5,17619450.26,355000,652572.2319,NA,27,nr,NA
2018,10,REST OF PROVINCE,NA,NA,NA,NA,NA,NA,NA,NA,NA,NA,NA,NA,NA,NA,NA,NA,NA,NA,NA,42,NA,NA,NA,NA,NA,NA,NA,NA,NA,NA,NA,NA,NA,NA,14109874.45,242219.23,427571.953,NA,33,9,NA
2018,11,CARIBOO,411,364,100,0,157,NA,1,17,15,0,2,0,30,0,107844793.1,262396.0903,221000,1190242.4,1333.2,NA,NA,NA,NA,NA,NA,NA,19,33,29,9,16,85,7,87439644.92,NA,NA,NA,NA,NA,NA,NA
2018,11,KOOTENAY,519,479,67,1,203,NA,0,23,20,1,2,3,8,6,160647379.4,309532.5229,270000,1993122.42,2110,NA,NA,NA,NA,NA,NA,NA,10,67,36,32,63,83,12,140971935.8,NA,NA,NA,NA,NA,NA,NA
2018,11,MAINLAND/SOUTHWEST,5701,5428,73,47,1019,NA,22,237,55,166,16,11,23,2,5031185500,882509.2965,605000,89860715.01,9188,219,NA,NA,NA,21888225.3,NA,NA,326,181,82,900,2778,448,998,4493164462,168033870.8,588450,815698.4018,NA,206,13,NA
2018,11,NECHAKO & NORTH COAST,290,258,50,5,117,NA,0,23,14,3,6,2,7,0,532132632.6,1834940.112,260500,14355713.36,2195,NA,NA,NA,NA,NA,NA,NA,10,30,28,15,3,50,3,77005244.59,NA,NA,NA,NA,NA,NA,NA
2018,11,NORTHEAST,172,129,24,1,62,NA,0,15,15,0,0,0,28,0,47298305.96,274990.1509,233575,523728.79,1285.75,NA,NA,NA,NA,NA,NA,NA,2,7,26,3,4,45,2,34788553.86,NA,NA,NA,NA,NA,NA,NA
2018,11,THOMPSON/OKANAGAN,1527,1395,109,7,531,NA,0,87,68,15,4,1,44,0,746748645.6,489029.8923,400000,10288959.86,4640,nr,NA,NA,NA,448631.8,NA,NA,53,131,87,188,289,170,123,636425065.6,8903775,374400,468619.7368,NA,19,nr,NA
2018,11,UNKNOWN,0,0,0,0,0,NA,0,0,0,0,0,0,0,0,0,0,0,0,0,NA,NA,NA,NA,NA,NA,NA,0,0,0,0,0,0,0,0,NA,NA,NA,NA,NA,NA,NA
2018,11,VANCOUVER ISLAND/COAST,1833,1724,114,13,710,NA,5,100,49,46,5,0,6,3,1105613702,603171.687,471428.57,17264542.75,6000,nr,NA,NA,NA,1011844.09,NA,NA,116,162,103,178,323,215,151,941143410.2,16569910.76,590000,872100.5663,NA,19,nr,NA
2018,11,REST OF PROVINCE,NA,NA,NA,NA,NA,NA,NA,NA,NA,NA,NA,NA,NA,NA,NA,NA,NA,NA,NA,39,NA,NA,NA,NA,NA,NA,NA,NA,NA,NA,NA,NA,NA,NA,7194322.45,266000,327014.6568,NA,22,11,NA
2018,11,NA,NA,NA,NA,NA,NA,NA,NA,NA,NA,NA,NA,NA,NA,NA,NA,NA,NA,NA,NA,NA,NA,NA,NA,NA,NA,NA,NA,NA,NA,NA,NA,NA,NA,NA,NA,NA,NA,NA,NA,NA,NA
2018,12,CARIBOO,318,277,67,3,116,NA,0,32,25,3,4,0,9,0,96909220.06,304745.975,238500,1333279.14,1500,NA,NA,NA,NA,NA,NA,NA,12,35,20,15,9,54,6,65014928.06,NA,NA,NA,NA,NA,NA,NA
2018,12,KOOTENAY,349,319,52,4,134,NA,1,26,18,7,1,0,3,1,111048058.3,318189.2788,258000,1292148.89,1785.5,NA,NA,NA,NA,NA,NA,NA,3,54,9,13,49,47,9,89320139.24,NA,NA,NA,NA,NA,NA,NA
2018,12,MAINLAND/SOUTHWEST,3727,3444,51,37,636,NA,214,246,78,144,24,5,27,5,4279879920,1148344.491,630000,92911101.46,9460,113,NA,NA,NA,11635853.01,NA,NA,202,135,47,595,1527,324,499,3272261713,107647035.9,682900,1109763.256,NA,97,16,NA
2018,12,NECHAKO & NORTH COAST,154,143,28,5,70,NA,0,8,6,2,0,0,3,0,40137786.14,260634.9749,220000,442972.12,1404.76,NA,NA,NA,NA,NA,NA,NA,3,14,17,5,1,33,3,35598486.14,NA,NA,NA,NA,NA,NA,NA
2018,12,NORTHEAST,181,92,24,2,44,NA,0,15,15,0,0,1,73,0,79638812.74,439993.4406,325000,1283391.5,3850,NA,NA,NA,NA,NA,NA,NA,0,4,11,5,2,28,2,24660736.74,NA,NA,NA,NA,NA,NA,NA
2018,12,THOMPSON/OKANAGAN,876,764,72,6,284,NA,3,75,40,23,12,1,32,4,448367901.3,511835.5038,400000,6699832.8,4030,15,NA,NA,NA,0,NA,NA,41,87,55,106,110,126,67,343066532.8,2173000,398750,362166.6667,NA,6,9,NA
2018,12,UNKNOWN,0,0,0,0,0,NA,0,0,0,0,0,0,0,0,0,0,0,0,0,NA,NA,NA,NA,NA,NA,NA,0,0,0,0,0,0,0,0,NA,NA,NA,NA,NA,NA,NA
2018,12,VANCOUVER ISLAND/COAST,1163,1084,72,12,427,NA,52,68,36,25,7,0,7,4,662865579.5,569961.8052,461500,10119433.85,5700,nr,NA,NA,NA,615800,NA,NA,78,105,71,93,174,131,119,609026016.6,6991140.34,410000,635558.2127,NA,11,nr,NA
2018,12,REST OF PROVINCE,NA,NA,NA,NA,NA,NA,NA,NA,NA,NA,NA,NA,NA,NA,NA,NA,NA,NA,NA,nr,NA,NA,NA,NA,NA,NA,NA,NA,NA,NA,NA,NA,NA,NA,6363120,280000,276657.3913,NA,23,nr,NA
2018,12,NA,NA,NA,NA,NA,NA,NA,NA,NA,NA,NA,NA,NA,NA,NA,NA,NA,NA,NA,NA,NA,NA,NA,NA,NA,NA,NA,NA,NA,NA,NA,NA,NA,NA,NA,NA,NA,NA,NA,NA,NA,NA
